City_ID,City,Country,Date,Lat,Lng,Max Temp,Humidity,Cloudiness,Wind Speed
0,Saint Cloud,US,2022-07-25 19:00:25,45.5608,-94.1625,75.87,49,42,5.99
1,Alice Springs,AU,2022-07-25 18:58:45,-23.7,133.8833,38.75,87,0,2.3
2,Bambous Virieux,MU,2022-07-25 19:00:26,-20.3428,57.7575,66.22,75,24,11.83
3,Hobart,AU,2022-07-25 19:00:26,-42.8794,147.3294,53.46,93,100,1.14
4,Cape Town,ZA,2022-07-25 19:00:27,-33.9258,18.4232,62.38,58,0,3.0
5,Pochutla,MX,2022-07-25 19:00:27,15.7432,-96.4661,87.82,51,81,6.82
6,Arraial Do Cabo,BR,2022-07-25 19:00:28,-22.9661,-42.0278,72.01,82,6,19.51
7,Plouzane,FR,2022-07-25 19:00:28,48.3833,-4.6167,64.45,80,100,11.5
8,Mahebourg,MU,2022-07-25 19:00:29,-20.4081,57.7,66.25,76,27,12.15
9,Elat,IL,2022-07-25 19:00:29,29.5581,34.9482,90.97,28,0,11.21
10,Micoud,LC,2022-07-25 19:00:29,13.8167,-60.9,85.41,100,100,15.64
11,Vaini,TO,2022-07-25 18:57:43,-21.2,-175.2,71.76,88,20,5.75
12,Ponta Do Sol,PT,2022-07-25 19:00:30,32.6667,-17.1,88.72,48,77,4.0
13,Atuona,PF,2022-07-25 19:00:31,-9.8,-139.0333,78.1,62,93,14.97
14,Ucluelet,CA,2022-07-25 19:00:31,48.9329,-125.5528,70.09,79,4,4.99
15,Martan-Chu,RU,2022-07-25 19:00:31,43.0637,45.5622,73.29,56,99,4.92
16,Busselton,AU,2022-07-25 19:00:23,-33.65,115.3333,62.55,73,56,23.13
17,Ushuaia,AR,2022-07-25 19:00:32,-54.8,-68.3,35.26,69,40,18.41
18,Luderitz,NA,2022-07-25 19:00:32,-26.6481,15.1594,57.97,79,14,9.66
19,Nikolskoye,RU,2022-07-25 19:00:33,59.7035,30.7861,66.09,93,100,2.86
20,Vredendal,ZA,2022-07-25 19:00:34,-31.6683,18.5012,62.31,29,0,11.88
21,Ravar,IR,2022-07-25 19:00:34,31.2656,56.8055,94.59,19,13,10.63
22,Lagunas,PE,2022-07-25 19:00:35,-5.2269,-75.6753,90.61,47,35,3.11
23,Namibe,AO,2022-07-25 19:00:35,-15.1961,12.1522,63.34,85,4,6.31
24,Ridgecrest,US,2022-07-25 19:00:36,35.6225,-117.6709,97.65,15,53,1.99
25,Pacific Grove,US,2022-07-25 19:00:36,36.6177,-121.9166,68.2,88,7,7.0
26,Noumea,NC,2022-07-25 19:00:37,-22.2763,166.4572,73.0,99,76,7.45
27,Eureka,US,2022-07-25 19:00:12,40.8021,-124.1637,88.66,75,51,5.01
28,Touros,BR,2022-07-25 19:00:37,-5.1989,-35.4608,79.54,68,100,17.67
29,Abbeville,FR,2022-07-25 19:00:38,50.1,1.8333,67.5,67,0,13.87
30,Saint-Philippe,RE,2022-07-25 19:00:38,-21.3585,55.7679,65.79,82,46,11.07
31,Maridi,SS,2022-07-25 19:00:39,4.9158,29.4742,68.49,93,100,3.56
32,Illela,NG,2022-07-25 19:00:39,13.7292,5.2975,78.04,72,99,28.61
33,Rikitea,PF,2022-07-25 19:00:40,-23.1203,-134.9692,75.33,70,32,18.41
34,Fereydun Kenar,IR,2022-07-25 19:00:41,36.6864,52.5225,77.81,78,50,5.79
35,Ulladulla,AU,2022-07-25 19:00:41,-35.35,150.4667,52.41,90,99,5.86
36,Paraiso,CR,2022-07-25 18:58:00,9.8383,-83.8656,78.96,50,87,3.76
37,Castro,BR,2022-07-25 19:00:42,-24.7911,-50.0119,73.45,47,75,3.56
38,Hithadhoo,MV,2022-07-25 19:00:43,-0.6,73.0833,82.54,72,4,9.06
39,East London,ZA,2022-07-25 19:00:33,-33.0153,27.9116,57.85,64,0,9.78
40,Redlands,US,2022-07-25 19:00:01,34.0556,-117.1825,101.07,49,10,7.14
41,Hilo,US,2022-07-25 19:00:44,19.7297,-155.09,81.25,81,67,3.0
42,Santa Isabel Do Rio Negro,BR,2022-07-25 19:00:44,-0.4139,-65.0192,88.59,60,19,1.01
43,Ugoofaaru,MV,2022-07-25 19:00:45,5.6667,73.0,81.88,77,79,13.47
44,Sola,VU,2022-07-25 19:00:45,-13.8833,167.55,80.2,77,3,11.5
45,Lompoc,US,2022-07-25 18:57:49,34.6391,-120.4579,83.01,75,40,9.22
46,Beoumi,CI,2022-07-25 19:00:46,7.6736,-5.5764,74.41,81,38,3.74
47,Gat,IL,2022-07-25 19:01:46,31.61,34.7642,81.81,68,0,3.98
48,Santiago,CL,2022-07-25 19:01:47,-33.4569,-70.6483,60.28,67,100,4.29
49,Jamestown,US,2022-07-25 18:58:18,42.097,-79.2353,77.05,54,3,5.99
50,Puerto Ayora,EC,2022-07-25 18:58:28,-0.7393,-90.3518,78.76,90,73,5.99
51,Marawi,PH,2022-07-25 19:01:48,7.9986,124.2928,68.94,90,97,3.85
52,Sao Jose Da Coroa Grande,BR,2022-07-25 19:01:48,-8.8978,-35.1478,77.16,71,22,10.02
53,Mataura,NZ,2022-07-25 19:01:48,-46.1927,168.8643,43.48,95,100,11.05
54,Port Blair,IN,2022-07-25 18:58:25,11.6667,92.75,80.64,89,40,2.3
55,Port Alfred,ZA,2022-07-25 19:01:49,-33.5906,26.891,56.97,70,1,14.94
56,Doka,SD,2022-07-25 19:01:49,13.5167,35.7667,75.85,78,100,5.03
57,Ipixuna,BR,2022-07-25 19:01:50,-1.7625,-48.8043,81.82,74,84,2.55
58,Bluff,NZ,2022-07-25 19:01:50,-46.6,168.3333,43.81,88,100,25.95
59,Agua Prieta,MX,2022-07-25 19:01:50,31.3,-109.5667,86.38,43,9,2.51
60,Lagoa,PT,2022-07-25 19:01:51,39.05,-27.9833,75.15,83,0,9.6
61,Iguape,BR,2022-07-25 19:01:52,-24.7081,-47.5553,70.27,71,100,5.86
62,Valparaiso,CL,2022-07-25 19:00:23,-33.0393,-71.6273,54.48,86,100,18.48
63,Carnarvon,AU,2022-07-25 19:01:52,-24.8667,113.6333,61.97,38,0,8.97
64,Butaritari,KI,2022-07-25 19:01:53,3.0707,172.7902,82.06,69,66,20.33
65,Puerto Del Rosario,ES,2022-07-25 19:01:53,28.5004,-13.8627,78.55,78,0,13.8
66,Andros,GR,2022-07-25 19:01:53,37.8333,24.9333,82.72,43,2,8.01
67,Labrea,BR,2022-07-25 19:01:54,-7.2586,-64.7981,97.12,24,4,4.03
68,Santa Cruz,BO,2022-07-25 18:59:53,-17.8,-63.1667,87.85,55,40,18.41
69,Dunedin,NZ,2022-07-25 19:00:34,-45.8742,170.5036,46.35,93,100,18.88
70,Muli,MV,2022-07-25 19:01:54,2.9167,73.5667,82.22,73,97,12.1
71,Ekibastuz,KZ,2022-07-25 19:01:55,51.6667,75.3667,72.45,42,3,6.89
72,Nieuw Amsterdam,SR,2022-07-25 19:01:55,5.8833,-55.0833,84.22,79,40,9.22
73,Luanda,AO,2022-07-25 18:57:41,-8.8368,13.2343,69.04,96,25,12.97
74,Albany,US,2022-07-25 19:00:21,42.6001,-73.9662,84.16,70,21,1.01
75,Buta,CD,2022-07-25 19:01:56,2.7858,24.73,73.26,88,93,1.01
76,Hasaki,JP,2022-07-25 19:01:56,35.7333,140.8333,79.29,94,49,14.25
77,Merauke,ID,2022-07-25 19:01:56,-8.4667,140.3333,74.88,87,45,13.62
78,Seoul,KR,2022-07-25 19:00:38,37.5683,126.9778,74.64,83,0,1.61
79,Altoona,US,2022-07-25 19:01:57,40.5187,-78.3947,85.3,55,82,4.0
80,Fuerte Olimpo,PY,2022-07-25 19:01:58,-21.0415,-57.8738,97.77,18,1,8.66
81,Xinzhou,CN,2022-07-25 19:01:58,38.4092,112.7333,64.08,94,0,1.07
82,Guthrie,US,2022-07-25 18:58:14,35.8789,-97.4253,105.55,18,91,11.41
83,Yaroslavskaya,RU,2022-07-25 19:01:59,44.6106,40.4642,65.17,82,44,5.35
84,Coquimbo,CL,2022-07-25 19:01:59,-29.9533,-71.3436,56.64,75,99,3.96
85,Pasan,IN,2022-07-25 19:01:59,22.85,82.2,74.8,92,100,2.98
86,Mar Del Plata,AR,2022-07-25 18:57:08,-38.0023,-57.5575,55.09,92,100,14.97
87,Tarakan,ID,2022-07-25 19:02:00,3.3,117.6333,80.17,80,98,5.97
88,Bonavista,CA,2022-07-25 19:02:00,48.6499,-53.1147,69.64,73,99,14.38
89,Ralivka,UA,2022-07-25 19:02:00,49.5005,23.2406,69.89,61,0,1.52
90,Alofi,NU,2022-07-25 19:02:01,-19.0595,-169.9187,74.05,62,60,18.1
91,Caravelas,BR,2022-07-25 19:02:01,-17.7125,-39.2481,74.46,73,15,6.38
92,Flagstaff,US,2022-07-25 19:02:02,35.1981,-111.6513,78.53,50,100,5.75
93,San Patricio,US,2022-07-25 19:02:02,28.017,-97.5169,99.16,41,3,16.04
94,Gualaquiza,EC,2022-07-25 19:03:03,-3.4,-78.55,73.2,78,62,2.93
95,Mangai,CD,2022-07-25 19:03:03,-4.05,19.5333,78.4,57,94,1.97
96,Margate,GB,2022-07-25 19:03:04,51.3813,1.3862,71.87,66,100,4.0
97,Paramirim,BR,2022-07-25 19:03:04,-13.4425,-42.2389,77.81,41,22,12.21
98,Bakel,SN,2022-07-25 19:03:05,14.905,-12.4568,83.43,66,85,5.7
99,Nhulunbuy,AU,2022-07-25 19:03:05,-12.2333,136.7667,68.61,94,0,4.61
100,Beyneu,KZ,2022-07-25 19:03:06,45.3167,55.2,76.71,50,17,8.21
101,Saint George,US,2022-07-25 19:03:06,37.1041,-113.5841,93.43,34,0,17.27
102,Tuatapere,NZ,2022-07-25 19:03:07,-46.1333,167.6833,44.74,93,100,12.39
103,Sayyan,YE,2022-07-25 19:03:07,15.1718,44.3244,65.93,61,100,3.71
104,Manzhouli,CN,2022-07-25 19:03:08,49.6,117.4333,61.75,98,89,6.6
105,Tual,ID,2022-07-25 19:03:08,-5.6667,132.75,79.7,82,33,20.96
106,La Romana,DO,2022-07-25 19:03:09,18.4273,-68.9728,90.27,51,49,15.7
107,Codrington,AU,2022-07-25 19:03:09,-38.2667,141.9667,49.1,75,100,23.06
108,Port Lincoln,AU,2022-07-25 19:01:33,-34.7333,135.8667,51.69,70,10,10.71
109,Kailua,US,2022-07-25 19:03:10,21.4022,-157.7394,79.65,73,27,8.99
110,Kabare,CD,2022-07-25 19:03:10,-2.4683,28.8242,64.04,70,75,0.11
111,Sidhi,IN,2022-07-25 19:03:11,24.4167,81.8833,79.72,86,100,5.14
112,Nara,JP,2022-07-25 19:03:11,34.6851,135.8049,81.5,65,100,1.95
113,Mount Isa,AU,2022-07-25 19:03:12,-20.7333,139.5,60.57,48,0,14.97
114,Shilka,RU,2022-07-25 19:03:12,51.85,116.0333,60.67,94,100,2.84
115,Wattegama,LK,2022-07-25 19:03:12,6.7989,81.4808,77.45,82,100,1.43
116,Akyab,MM,2022-07-25 19:03:13,20.15,92.9,81.68,79,6,2.37
117,Ketchikan,US,2022-07-25 19:00:06,55.3422,-131.6461,61.81,89,84,4.74
118,Edeia,BR,2022-07-25 19:03:13,-17.3383,-49.9314,88.77,20,0,5.41
119,Victoria,HK,2022-07-25 19:03:14,22.2855,114.1577,87.33,80,79,5.99
120,Kapaa,US,2022-07-25 19:03:15,22.0752,-159.319,80.47,71,22,5.01
121,Necochea,AR,2022-07-25 19:02:53,-38.5473,-58.7368,53.82,79,100,15.55
122,Alberton,CA,2022-07-25 19:00:40,46.8168,-64.0654,78.55,67,100,18.63
123,Omagari,JP,2022-07-25 19:03:15,39.45,140.4833,70.34,93,5,1.52
124,New Norfolk,AU,2022-07-25 19:03:16,-42.7826,147.0587,53.1,88,100,1.54
125,Maldonado,UY,2022-07-25 19:01:26,-34.6667,-54.9167,59.23,89,100,9.82
126,Kavieng,PG,2022-07-25 19:03:16,-2.5744,150.7967,81.28,80,15,17.13
127,Ca Mau,VN,2022-07-25 19:03:17,9.1769,105.15,77.34,92,71,3.4
128,Buraydah,SA,2022-07-25 19:03:17,26.326,43.975,93.76,14,6,12.28
129,Mahibadhoo,MV,2022-07-25 19:03:18,3.7833,72.9667,80.58,81,100,13.18
130,Abu Samrah,SY,2022-07-25 19:03:18,35.3029,37.1841,82.96,24,0,9.91
131,Ribeira Grande,PT,2022-07-25 19:03:18,38.5167,-28.7,79.2,78,20,10.36
132,Te Anau,NZ,2022-07-25 19:03:19,-45.4167,167.7167,38.61,95,100,2.89
133,San Bernardino,US,2022-07-25 19:03:19,34.6667,-116.1675,95.86,33,15,16.28
134,Georgetown,MY,2022-07-25 18:59:57,5.4112,100.3354,80.53,96,40,5.01
135,Avarua,CK,2022-07-25 19:03:20,-21.2078,-159.775,68.05,73,20,8.05
136,Upata,VE,2022-07-25 19:04:20,8.0086,-62.3989,76.82,84,77,1.61
137,Saldanha,ZA,2022-07-25 19:04:21,-33.0117,17.9442,56.98,64,0,10.65
138,Kodiak,US,2022-07-25 19:04:21,57.79,-152.4072,62.11,67,0,17.27
139,Collie,AU,2022-07-25 19:04:22,-33.3667,116.15,53.11,95,97,9.89
140,Katherine,AU,2022-07-25 19:04:22,-14.4667,132.2667,64.72,68,3,6.91
141,Big Rapids,US,2022-07-25 19:02:15,43.6981,-85.4837,75.09,52,75,12.66
142,Kilindoni,TZ,2022-07-25 19:04:23,-7.9139,39.6668,75.97,75,19,15.35
143,Katsuura,JP,2022-07-25 19:04:23,35.1333,140.3,78.82,92,84,16.75
144,Cidreira,BR,2022-07-25 19:04:24,-30.1811,-50.2056,64.31,88,40,8.46
145,Torbay,CA,2022-07-25 19:04:24,47.6666,-52.7314,80.76,61,42,10.65
146,Mabaruma,GY,2022-07-25 19:04:25,8.2,-59.7833,84.96,62,94,6.02
147,Punta Arenas,CL,2022-07-25 19:00:26,-53.15,-70.9167,41.11,52,6,17.02
148,Saveh,IR,2022-07-25 19:04:25,35.0213,50.3566,82.58,31,0,13.27
149,Zonguldak,TR,2022-07-25 19:04:26,41.25,31.8333,60.19,88,2,0.94
150,Champerico,GT,2022-07-25 19:04:26,14.3,-91.9167,93.74,70,25,7.67
151,Freeport,US,2022-07-25 19:04:26,40.6576,-73.5832,84.18,76,40,9.22
152,Innisfail,AU,2022-07-25 18:59:31,-17.5333,146.0333,65.26,77,98,5.3
153,Yagoua,CM,2022-07-25 19:02:14,10.3411,15.2329,83.16,64,64,6.71
154,Pueblo Viejo,DO,2022-07-25 19:04:27,18.4,-70.7676,91.24,63,40,11.9
155,Cascais,PT,2022-07-25 19:00:54,38.6979,-9.4215,81.75,64,20,28.77
156,Dwarka,IN,2022-07-25 19:04:28,22.2394,68.9678,81.86,84,100,19.95
157,Vila Franca Do Campo,PT,2022-07-25 19:04:28,37.7167,-25.4333,75.61,80,52,5.93
158,Hermanus,ZA,2022-07-25 19:04:29,-34.4187,19.2345,49.8,67,0,9.48
159,Marabba,SD,2022-07-25 19:04:29,12.35,32.1833,81.03,62,100,5.84
160,La Reforma,MX,2022-07-25 19:04:29,25.0833,-108.05,90.57,58,35,9.55
161,Charters Towers,AU,2022-07-25 19:04:30,-20.1,146.2667,56.14,90,0,5.66
162,Mafeteng,LS,2022-07-25 19:04:30,-29.823,27.2374,43.45,40,0,4.12
163,Cabedelo,BR,2022-07-25 19:03:20,-6.9811,-34.8339,77.07,74,40,17.36
164,General Roca,AR,2022-07-25 19:04:31,-39.0333,-67.5833,44.71,92,100,11.65
165,Bathsheba,BB,2022-07-25 19:04:31,13.2167,-59.5167,82.06,93,75,17.27
166,Darnah,LY,2022-07-25 19:04:32,32.767,22.6367,81.07,68,0,14.34
167,Vao,NC,2022-07-25 19:04:32,-22.6667,167.4833,69.73,73,71,14.72
168,Harwich,GB,2022-07-25 19:04:32,51.9419,1.2844,71.37,67,98,11.99
169,Yokadouma,CM,2022-07-25 19:04:33,3.5167,15.05,70.09,98,100,2.13
170,Cananeia,BR,2022-07-25 19:04:33,-25.0147,-47.9267,69.84,75,100,4.54
171,Manggar,ID,2022-07-25 19:01:38,-2.8833,108.2667,80.55,76,100,11.74
172,Bengkulu,ID,2022-07-25 19:04:34,-3.8004,102.2655,71.65,87,100,4.07
173,Esperance,AU,2022-07-25 19:04:34,-33.8667,121.9,51.37,61,0,16.51
174,Bethel,US,2022-07-25 19:04:35,41.3712,-73.414,83.25,65,40,6.91
175,Port Moresby,PG,2022-07-25 19:02:06,-9.4431,147.1797,75.38,89,79,6.78
176,Pisco,PE,2022-07-25 19:04:35,-13.7,-76.2167,62.65,82,75,8.05
177,Santa Maria,BR,2022-07-25 19:03:07,-29.6842,-53.8069,78.03,69,0,4.79
178,Camacha,PT,2022-07-25 19:04:36,33.0833,-16.3333,72.82,64,20,5.75
179,Yarmouth,US,2022-07-25 19:04:36,41.7057,-70.2286,82.87,87,100,14.97
180,Nanortalik,GL,2022-07-25 19:04:36,60.1432,-45.2371,42.24,96,100,4.94
181,Barroquinha,BR,2022-07-25 19:04:37,-3.0189,-41.1361,85.19,53,100,11.65
182,San Ignacio,BZ,2022-07-25 19:05:37,17.1561,-89.0714,87.94,66,75,3.44
183,Kansanshi,ZM,2022-07-25 19:05:37,-12.0951,26.4273,59.65,45,6,4.21
184,Mitu,CO,2022-07-25 19:05:38,1.1983,-70.1733,72.0,98,100,1.48
185,Barao De Melgaco,BR,2022-07-25 19:05:09,-16.1944,-55.9675,100.72,15,0,1.12
186,Pointe Michel,DM,2022-07-25 19:05:38,15.25,-61.3833,82.62,75,19,16.55
187,Half Moon Bay,US,2022-07-25 19:03:16,37.4636,-122.4286,77.88,70,100,14.97
188,Daru,PG,2022-07-25 19:05:39,-9.0763,143.2092,75.81,87,100,14.54
189,Harper,LR,2022-07-25 19:05:39,4.375,-7.7169,74.41,74,53,7.11
190,Saint-Paul,RE,2022-07-25 19:05:40,-21.0096,55.2707,68.36,79,42,4.52
191,Lebu,CL,2022-07-25 19:03:41,-37.6167,-73.65,52.11,93,100,19.93
192,Taltal,CL,2022-07-25 19:04:12,-25.4,-70.4833,60.62,75,22,5.39
193,Gamba,GA,2022-07-25 19:05:30,-2.65,10.0,71.38,90,22,6.91
194,Hirara,JP,2022-07-25 19:05:41,24.8,125.2833,84.61,74,1,2.24
195,Kavaratti,IN,2022-07-25 19:04:35,10.5669,72.642,81.48,78,14,15.68
196,Enfield,AU,2022-07-25 19:04:18,-34.8526,138.6026,53.64,70,4,19.57
197,Banepa,NP,2022-07-25 19:05:41,27.6298,85.5214,68.32,94,75,2.3
198,Bandarbeyla,SO,2022-07-25 19:05:21,9.4942,50.8122,76.24,83,27,31.99
199,Kutum,SD,2022-07-25 19:05:42,14.2,24.6667,89.04,24,90,2.89
200,North Bend,US,2022-07-25 19:05:42,43.4065,-124.2243,80.92,85,0,9.22
201,Senneterre,CA,2022-07-25 19:05:42,48.3835,-77.2328,59.79,71,99,11.1
202,Riyadh,SA,2022-07-25 19:03:04,24.6877,46.7219,97.93,12,100,14.76
203,Claresholm,CA,2022-07-25 19:03:06,50.0333,-113.5852,67.68,64,95,3.13
204,Kisangani,CD,2022-07-25 19:05:43,0.5167,25.2,72.63,96,98,2.24
205,Ambilobe,MG,2022-07-25 19:05:44,-13.2,49.05,68.79,80,27,2.89
206,Siavonga,ZM,2022-07-25 19:05:44,-16.5382,28.7088,69.71,45,1,4.61
207,Faanui,PF,2022-07-25 19:05:44,-16.4833,-151.75,77.16,78,11,8.72
208,Miles City,US,2022-07-25 19:05:45,46.4083,-105.8406,85.17,32,0,9.22
209,Corinth,GR,2022-07-25 19:05:16,37.9407,22.9573,87.89,50,0,4.92
210,Kharan,PK,2022-07-25 19:05:45,28.5833,65.4167,85.44,58,99,7.36
211,Panjab,AF,2022-07-25 19:05:46,34.388,67.0233,69.55,40,98,1.07
212,Nemuro,JP,2022-07-25 19:05:46,43.3236,145.575,61.43,91,2,2.51
213,Bredasdorp,ZA,2022-07-25 19:05:46,-34.5322,20.0403,49.93,82,0,3.71
214,Houma,US,2022-07-25 19:01:47,29.5958,-90.7195,80.6,83,75,8.05
215,San Cristobal,VE,2022-07-25 19:04:00,7.7669,-72.225,81.79,49,37,8.37
216,Andros Town,BS,2022-07-25 19:03:18,24.7,-77.7667,85.42,67,70,17.52
217,Grand-Lahou,CI,2022-07-25 19:05:47,5.1367,-5.0242,74.98,81,42,6.42
218,Huarmey,PE,2022-07-25 19:05:48,-10.0681,-78.1522,68.0,73,28,12.26
219,Fortuna,US,2022-07-25 19:05:48,40.5982,-124.1573,57.97,75,36,6.73
220,Camabatela,AO,2022-07-25 19:05:48,-8.1881,15.375,72.55,37,93,4.81
221,Porsa,IN,2022-07-25 19:05:49,26.67,78.3747,81.97,79,95,7.78
222,Cayhagan,PH,2022-07-25 19:05:49,9.6697,122.4256,79.05,82,99,3.74
223,Manokwari,ID,2022-07-25 19:05:50,-0.8667,134.0833,77.65,81,73,2.37
224,Provideniya,RU,2022-07-25 19:05:50,64.3833,-173.3,41.04,90,100,8.97
225,Tahe,CN,2022-07-25 19:05:19,52.3333,124.7333,62.51,89,24,3.4
226,Peniche,PT,2022-07-25 19:03:51,39.3558,-9.3811,76.08,78,0,16.98
227,Teyateyaneng,LS,2022-07-25 19:05:51,-29.1472,27.7489,43.39,36,0,2.93
228,Ngunguru,NZ,2022-07-25 19:06:51,-35.6167,174.5,58.23,82,1,18.07
229,Boysun,UZ,2022-07-25 19:06:52,38.2061,67.1986,84.79,16,0,6.58
230,Aranos,NA,2022-07-25 19:06:52,-24.1333,19.1167,68.4,22,97,9.08
231,Ushtobe,KZ,2022-07-25 19:06:52,45.2514,77.9838,73.09,21,2,18.39
232,Chuy,UY,2022-07-25 19:04:47,-33.6971,-53.4616,60.62,94,100,6.4
233,Malia,GR,2022-07-25 19:06:53,35.2833,25.4667,84.65,62,0,8.52
234,Lima,PE,2022-07-25 19:03:56,-12.0432,-77.0282,68.9,72,37,9.48
235,Praia Da Vitoria,PT,2022-07-25 19:06:54,38.7333,-27.0667,77.76,88,63,2.19
236,Bay Saint Louis,US,2022-07-25 19:06:54,30.3088,-89.33,83.07,79,40,3.44
237,Suicheng,CN,2022-07-25 19:06:54,33.8963,117.9331,74.39,95,6,6.78
238,Airai,TL,2022-07-25 19:04:14,-8.9266,125.4092,54.05,84,8,3.2
239,Severo-Kurilsk,RU,2022-07-25 19:04:29,50.6789,156.125,50.65,94,100,9.71
240,Cabo San Lucas,MX,2022-07-25 19:03:00,22.8909,-109.9124,90.61,69,7,9.93
241,Wanxian,CN,2022-07-25 19:06:55,30.8039,108.3897,81.25,87,2,2.86
242,Havelock,US,2022-07-25 19:06:56,34.8791,-76.9013,89.58,76,75,17.27
243,Agadez,NE,2022-07-25 19:06:56,19.75,10.25,95.7,13,5,9.01
244,Buckeye,US,2022-07-25 19:02:44,33.3703,-112.5838,99.43,52,59,7.83
245,Namatanai,PG,2022-07-25 19:06:57,-3.6667,152.4333,78.22,84,24,9.42
246,Fare,PF,2022-07-25 19:02:55,-16.7,-151.0167,76.37,82,60,10.22
247,Manicore,BR,2022-07-25 19:06:57,-5.8092,-61.3003,99.07,24,10,3.98
248,Mackay,AU,2022-07-25 19:06:58,-21.15,149.2,60.67,86,54,6.6
249,Korla,CN,2022-07-25 19:06:58,41.7597,86.1469,80.51,29,11,11.39
250,Pilar,BR,2022-07-25 19:06:59,-9.5972,-35.9567,76.93,77,94,7.54
251,Camocim,BR,2022-07-25 19:06:59,-2.9022,-40.8411,85.5,56,81,15.59
252,Ankazobe,MG,2022-07-25 19:07:00,-18.3167,47.1167,53.35,87,0,4.03
253,Denpasar,ID,2022-07-25 19:07:00,-8.65,115.2167,76.71,83,40,8.05
254,Murud,IN,2022-07-25 19:07:00,18.3258,72.965,78.44,85,100,5.14
255,Manuk Mangkaw,PH,2022-07-25 19:07:01,4.8,119.85,83.28,74,66,7.25
256,Atar,MR,2022-07-25 19:02:21,20.5169,-13.0499,98.11,31,97,16.87
257,San Martin,AR,2022-07-25 19:07:01,-33.081,-68.4681,62.24,59,24,3.51
258,Savinka,RU,2022-07-25 19:07:02,50.0785,47.0994,66.36,77,19,5.39
259,Tianpeng,CN,2022-07-25 19:07:02,30.9866,103.9393,73.78,76,3,4.56
260,Temba,ZA,2022-07-25 19:07:03,-25.3803,28.2631,58.1,31,7,2.01
261,Nijar,ES,2022-07-25 19:07:03,36.9665,-2.206,81.64,74,0,4.61
262,Port Keats,AU,2022-07-25 19:07:04,-14.25,129.55,67.41,40,10,7.05
263,Kishi,NG,2022-07-25 19:07:04,9.0833,3.85,75.87,83,52,2.04
264,Ingham,US,2022-07-25 19:07:04,42.6,-84.3833,77.92,54,40,11.5
265,Asilah,MA,2022-07-25 19:07:05,35.465,-6.0348,93.16,49,0,6.11
266,Baoshan,CN,2022-07-25 19:07:05,46.5586,131.4244,63.82,95,0,3.31
267,Zimapan,MX,2022-07-25 19:07:06,20.75,-99.35,75.74,41,52,11.83
268,Shenjiamen,CN,2022-07-25 19:07:06,29.9576,122.298,79.2,88,20,12.88
269,Lorengau,PG,2022-07-25 19:07:06,-2.0226,147.2712,81.21,78,95,7.52
270,Anloga,GH,2022-07-25 19:07:07,5.7947,0.8973,75.85,87,100,14.38
271,Baykalsk,RU,2022-07-25 19:07:07,51.5058,104.1469,54.43,97,100,3.51
272,Bull Savanna,JM,2022-07-25 19:07:08,17.8868,-77.5902,85.24,63,27,16.6
273,Nago,JP,2022-07-25 19:08:08,26.5881,127.9761,81.03,83,0,0.85
274,Sabang,ID,2022-07-25 19:08:09,5.8933,95.3214,79.93,77,100,9.31
275,Vanimo,PG,2022-07-25 19:08:09,-2.6741,141.3028,76.68,91,93,4.5
276,Faya,SA,2022-07-25 19:08:09,18.3851,42.4509,61.32,75,100,10.22
277,Maumere,ID,2022-07-25 19:08:10,-8.6199,122.2111,74.8,76,26,8.1
278,Najran,SA,2022-07-25 19:08:11,17.4924,44.1277,82.13,46,100,11.72
279,The Valley,AI,2022-07-25 19:08:11,18.217,-63.0578,86.14,70,20,19.57
280,Ritchie,ZA,2022-07-25 19:08:12,-29.038,24.6028,52.86,21,0,7.72
281,Gouyave,GD,2022-07-25 19:08:12,12.1646,-61.7296,80.8,77,48,11.5
282,Cayenne,GF,2022-07-25 19:08:12,4.9333,-52.3333,85.08,5,75,5.75
283,Geraldton,AU,2022-07-25 19:08:13,-28.7667,114.6,43.21,87,9,11.5
284,Portland,US,2022-07-25 19:05:00,45.5234,-122.6762,90.99,47,0,9.22
285,Henties Bay,NA,2022-07-25 19:08:13,-22.116,14.2845,55.35,93,11,3.8
286,Sao Filipe,CV,2022-07-25 19:08:14,14.8961,-24.4956,79.14,84,100,6.11
287,Axim,GH,2022-07-25 19:08:14,4.8699,-2.2405,75.85,82,98,7.38
288,Barra,BR,2022-07-25 19:08:15,-11.0894,-43.1417,85.23,32,99,8.48
289,Colac,AU,2022-07-25 19:08:15,-38.3333,143.5833,45.18,93,100,12.21
290,San Carlos De Bariloche,AR,2022-07-25 19:08:15,-41.1456,-71.3082,40.75,87,75,5.75
291,Hit,IQ,2022-07-25 19:08:16,33.6416,42.8251,94.01,10,0,10.98
292,San Juan,AR,2022-07-25 19:08:16,-31.5375,-68.5364,64.56,56,98,5.68
293,Staraya Kulatka,RU,2022-07-25 19:08:17,52.7167,47.6167,63.7,95,100,0.74
294,Kurchum,KZ,2022-07-25 19:08:17,48.5722,83.6542,60.91,50,0,8.1
295,Celestun,MX,2022-07-25 19:08:18,20.8667,-90.4,84.83,69,100,11.95
296,Rocha,UY,2022-07-25 19:08:19,-34.4833,-54.3333,63.61,91,100,8.63
297,Salalah,OM,2022-07-25 19:04:01,17.0151,54.0924,77.09,100,100,4.61
298,Kenora,CA,2022-07-25 19:08:19,49.8167,-94.4337,71.78,49,100,11.01
299,Duncan,US,2022-07-25 19:08:20,34.5023,-97.9578,104.05,30,40,9.22
300,Puerto Escondido,MX,2022-07-25 19:08:20,15.85,-97.0667,88.63,66,40,5.75
301,Kang,BW,2022-07-25 19:08:21,-23.6752,22.7876,63.97,33,33,7.18
302,Miragoane,HT,2022-07-25 19:08:21,18.4423,-73.0876,86.72,56,0,0.78
303,Tarrafal,CV,2022-07-25 19:08:22,15.2833,-23.7667,83.19,83,87,5.75
304,Uyuni,BO,2022-07-25 19:08:22,-20.4597,-66.825,54.36,11,1,8.57
305,Saint-Andre-Avellin,CA,2022-07-25 19:08:23,45.7168,-75.066,72.97,50,31,15.23
306,Tumpat,MY,2022-07-25 19:08:23,6.1978,102.171,77.2,89,76,4.38
307,Kaitangata,NZ,2022-07-25 19:03:48,-46.2817,169.8464,45.9,94,100,17.45
308,Belmonte,BR,2022-07-25 19:07:07,-15.8631,-38.8828,75.83,67,50,9.24
309,Loandjili,CG,2022-07-25 19:08:24,-4.7561,11.8578,71.15,91,51,8.01
310,Kampene,CD,2022-07-25 19:08:24,-3.6,26.6667,79.92,42,98,2.15
311,Marfino,RU,2022-07-25 19:08:25,55.7028,37.3822,71.74,68,0,8.95
312,Oriximina,BR,2022-07-25 19:08:25,-1.7656,-55.8661,90.72,46,4,3.15
313,Ayagoz,KZ,2022-07-25 19:08:25,47.9714,80.4392,60.67,39,0,10.29
314,Likasi,CD,2022-07-25 19:08:26,-10.9814,26.7333,62.96,43,21,3.69
315,Sangin,AF,2022-07-25 19:08:26,32.0728,64.8359,93.42,32,96,2.01
316,Sept-Iles,CA,2022-07-25 19:08:27,50.2001,-66.3821,68.52,88,75,5.75
317,Torit,SS,2022-07-25 19:08:27,4.4133,32.5678,75.9,68,54,3.51
318,Midland,US,2022-07-25 19:04:00,31.9974,-102.0779,99.05,31,40,17.27
319,Vostok,RU,2022-07-25 19:08:27,46.4856,135.8833,58.59,98,21,2.77
320,Sinnamary,GF,2022-07-25 19:09:28,5.3833,-52.95,84.31,68,100,9.6
321,Begoro,GH,2022-07-25 19:09:28,6.3871,-0.3774,71.51,89,71,3.22
322,Muscat,OM,2022-07-25 19:09:29,23.6139,58.5922,86.02,77,100,16.98
323,Ahuimanu,US,2022-07-25 19:07:00,21.4447,-157.8378,82.11,69,100,14.97
324,Bendigo,AU,2022-07-25 19:09:29,-36.7667,144.2833,39.7,97,14,6.42
325,Shelburne,CA,2022-07-25 19:09:30,44.0787,-80.2041,66.31,46,22,14.94
326,Laguna,US,2022-07-25 19:05:19,38.421,-121.4238,92.01,41,0,5.75
327,Sinop,TR,2022-07-25 19:09:30,41.7711,34.8709,62.98,75,100,2.66
328,Safaga,EG,2022-07-25 19:09:31,26.7292,33.9365,87.1,47,0,2.06
329,Mala,PE,2022-07-25 19:09:31,-12.6581,-76.6308,66.85,71,82,8.34
330,Ponta Pora,BR,2022-07-25 19:09:31,-22.5361,-55.7256,86.09,24,1,6.26
331,Port Elizabeth,ZA,2022-07-25 19:05:16,-33.918,25.5701,57.31,79,0,7.0
332,Batticaloa,LK,2022-07-25 19:09:32,7.7102,81.6924,80.22,81,100,5.5
333,Souillac,MU,2022-07-25 19:09:32,-20.5167,57.5167,69.94,79,51,11.3
334,Port Hardy,CA,2022-07-25 19:09:33,50.6996,-127.4199,62.2,87,85,8.68
335,Ha Tinh,VN,2022-07-25 19:09:33,18.3333,105.9,76.42,89,96,2.77
336,Siniscola,IT,2022-07-25 19:09:34,40.5719,9.6922,87.35,62,0,3.56
337,Cabatuan,PH,2022-07-25 19:09:34,10.8794,122.486,76.06,89,64,1.34
338,Itarema,BR,2022-07-25 19:09:34,-2.9248,-39.9167,82.99,59,73,17.69
339,Lumberton,US,2022-07-25 19:09:35,34.6182,-79.0086,93.51,55,20,13.8
340,Macamic,CA,2022-07-25 19:09:35,48.7502,-78.9996,57.13,81,100,12.84
341,Borba,BR,2022-07-25 19:09:36,-4.3878,-59.5939,95.95,31,64,5.32
342,Coulommiers,FR,2022-07-25 19:09:36,48.8145,3.085,77.18,33,94,13.35
343,Kruisfontein,ZA,2022-07-25 19:09:37,-34.0033,24.7314,54.88,75,0,10.4
344,Lazaro Cardenas,MX,2022-07-25 19:05:50,17.9583,-102.2,79.14,83,100,2.73
345,Dingle,PH,2022-07-25 19:06:25,10.9995,122.6711,75.7,91,50,1.43
346,Rebrikha,RU,2022-07-25 19:09:37,53.0733,82.3408,55.72,69,26,4.61
347,Ivanivka,UA,2022-07-25 19:09:38,46.7208,34.553,73.13,64,93,8.68
348,Black River,JM,2022-07-25 19:09:38,18.0264,-77.8487,87.78,62,26,13.82
349,Mitoc,RO,2022-07-25 19:09:39,48.1,27.0333,73.71,43,0,7.63
350,Hamilton,US,2022-07-25 19:09:17,39.1834,-84.5333,84.16,66,40,8.05
351,Russell,US,2022-07-25 19:07:02,32.3502,-85.1999,92.97,58,20,0.0
352,Rio Gallegos,AR,2022-07-25 19:09:39,-51.6226,-69.2181,37.45,70,75,17.27
353,Basco,PH,2022-07-25 19:05:33,20.4487,121.9702,85.51,74,23,9.15
354,Miri,MY,2022-07-25 19:05:58,4.4148,114.0089,76.62,91,100,3.91
355,Atyrau,KZ,2022-07-25 19:09:40,47.1167,51.8833,69.82,78,40,6.71
356,Cockburn Town,TC,2022-07-25 19:09:40,21.4612,-71.1419,81.93,80,9,22.26
357,Sobolevo,RU,2022-07-25 19:09:41,54.4299,31.8996,59.0,94,9,6.46
358,Grand Gaube,MU,2022-07-25 19:09:41,-20.0064,57.6608,66.38,80,7,1.01
359,Santa Rosalia,MX,2022-07-25 19:09:41,27.3167,-112.2833,86.47,43,3,8.41
360,Great Yarmouth,GB,2022-07-25 19:09:42,52.6083,1.7305,71.85,60,97,11.45
361,Log,RU,2022-07-25 19:09:42,49.4844,43.8613,70.59,57,54,6.2
362,Shimoda,JP,2022-07-25 19:09:42,34.6667,138.95,78.1,93,100,8.66
363,Muisne,EC,2022-07-25 19:09:43,0.6,-80.0333,76.15,79,95,11.59
364,Saint-Augustin,CA,2022-07-25 19:09:43,51.226,-58.6502,58.21,98,100,15.28
365,Poronaysk,RU,2022-07-25 19:09:44,49.2167,143.1167,56.77,98,100,1.63
366,Bousso,TD,2022-07-25 19:09:44,10.4795,16.7117,76.66,79,97,3.2
367,Carutapera,BR,2022-07-25 19:10:44,-1.195,-46.02,83.12,73,100,6.78
368,Lujan,AR,2022-07-25 19:10:45,-34.5703,-59.105,62.02,94,100,4.0
369,Guerrero Negro,MX,2022-07-25 19:08:24,27.9769,-114.0611,83.08,43,0,5.99
370,Kaeo,NZ,2022-07-25 19:10:45,-35.1,173.7833,56.32,96,29,17.96
371,Yichun,CN,2022-07-25 19:10:46,47.7,128.9,61.43,97,4,0.94
372,Padang,ID,2022-07-25 19:10:23,-0.9492,100.3543,74.5,91,100,3.98
373,Monmouth,US,2022-07-25 19:10:46,40.3001,-74.1663,93.13,59,20,11.5
374,Spasskoye,RU,2022-07-25 19:10:47,44.6108,132.7969,63.39,95,15,5.44
375,Akcakoca,TR,2022-07-25 19:10:47,41.0866,31.1162,69.91,84,30,4.38
376,Nangong,CN,2022-07-25 19:10:47,37.3581,115.3744,74.26,91,96,3.27
377,Colares,PT,2022-07-25 19:10:48,38.7992,-9.4469,81.59,62,20,28.77
378,Pauini,BR,2022-07-25 19:10:48,-7.7136,-66.9764,90.09,43,95,0.98
379,Bonthe,SL,2022-07-25 19:10:49,7.5264,-12.505,76.44,77,100,9.84
380,Veraval,IN,2022-07-25 19:10:49,20.9,70.3667,81.63,83,100,17.07
381,Kudahuvadhoo,MV,2022-07-25 19:10:49,2.6708,72.8944,80.69,77,89,11.56
382,Le Port,RE,2022-07-25 19:10:50,-20.9373,55.2919,68.25,67,54,5.99
383,Poya,NC,2022-07-25 19:10:50,-21.35,165.15,67.69,86,66,6.24
384,Oranjemund,NA,2022-07-25 19:10:51,-28.55,16.4333,58.78,73,0,6.85
385,Kitui,KE,2022-07-25 19:10:51,-1.367,38.0106,64.49,66,49,12.55
386,Pennsville,US,2022-07-25 19:10:51,39.6535,-75.5166,92.3,59,40,11.5
387,Hegang,CN,2022-07-25 19:10:52,47.4,130.3667,62.69,95,9,2.06
388,Kupang,ID,2022-07-25 19:10:52,-10.1667,123.5833,71.87,78,70,10.42
389,Puerto Colombia,CO,2022-07-25 19:10:52,10.9878,-74.9547,91.49,78,100,8.14
390,Madang,PG,2022-07-25 19:10:53,-5.2246,145.7966,76.44,89,52,1.3
391,Dubrovnik,HR,2022-07-25 19:10:53,42.6481,18.0922,82.04,61,0,6.91
392,Port Hueneme,US,2022-07-25 19:10:53,34.1478,-119.1951,95.25,76,100,11.5
393,Dalbandin,PK,2022-07-25 19:10:54,28.8947,64.4101,85.19,55,100,4.16
394,Waitati,NZ,2022-07-25 19:10:54,-45.75,170.5667,46.0,95,100,14.43
395,Cooma,AU,2022-07-25 19:10:55,-36.2333,149.1333,42.57,100,100,6.91
396,Sinnar,SD,2022-07-25 19:09:08,13.5691,33.5672,83.3,53,100,7.87
397,Asamankese,GH,2022-07-25 19:10:55,5.8601,-0.6635,74.59,85,86,5.03
398,Anjozorobe,MG,2022-07-25 19:10:56,-18.4,47.8667,51.48,96,17,3.74
399,Yulara,AU,2022-07-25 19:10:50,-25.2406,130.9889,46.45,61,0,10.18
400,Barreiras,BR,2022-07-25 19:07:10,-12.1528,-44.99,89.38,21,100,8.37
401,Puerto Baquerizo Moreno,EC,2022-07-25 19:10:07,-0.9,-89.6,76.19,73,40,11.5
402,Pokhara,NP,2022-07-25 19:10:56,28.2333,83.9833,71.71,93,99,2.01
403,Kintampo,GH,2022-07-25 19:10:57,8.0563,-1.7306,76.37,73,85,4.41
404,Murray Bridge,AU,2022-07-25 19:10:57,-35.1167,139.2667,50.13,65,6,14.85
405,Naze,JP,2022-07-25 19:08:37,28.3667,129.4833,79.48,82,10,3.47
406,Kloulklubed,PW,2022-07-25 19:10:58,7.0419,134.2556,83.59,74,70,8.23
407,Kabinda,CD,2022-07-25 19:10:58,-6.1333,24.4833,79.65,30,99,2.33
408,Hun,LY,2022-07-25 19:10:58,29.1268,15.9477,89.08,24,0,16.93
409,Ariquemes,BR,2022-07-25 19:10:59,-9.9133,-63.0408,98.24,19,25,4.36
410,Ishigaki,JP,2022-07-25 19:11:00,24.3448,124.1572,84.81,74,43,3.74
411,Yongchang,CN,2022-07-25 19:11:00,30.0381,119.7317,79.57,91,100,2.44
412,Los Llanos De Aridane,ES,2022-07-25 19:12:00,28.6585,-17.9182,73.15,83,0,17.27
413,Gusau,NG,2022-07-25 19:12:01,12.1628,6.6614,85.84,57,78,10.74
414,Guilin,CN,2022-07-25 19:12:01,25.2819,110.2864,78.33,82,1,0.31
415,Seminole,US,2022-07-25 19:12:01,28.7086,-81.2081,95.38,66,0,9.22
416,Alta Floresta,BR,2022-07-25 19:12:02,-9.8756,-56.0861,96.84,19,36,4.09
417,Kahului,US,2022-07-25 19:12:02,20.8947,-156.47,84.22,64,20,23.02
418,Moose Factory,CA,2022-07-25 19:12:03,51.2585,-80.6094,57.18,88,100,12.66
419,Tunceli,TR,2022-07-25 19:12:03,39.1083,39.5471,71.96,31,0,6.87
420,Rotifunk,SL,2022-07-25 19:12:04,8.2333,-12.6833,74.41,89,100,5.23
421,Mutoko,ZW,2022-07-25 19:12:04,-17.397,32.2268,56.66,56,0,9.4
422,Uruzgan,AF,2022-07-25 19:12:04,32.8333,66.0,79.54,43,84,4.12
423,Port-Gentil,GA,2022-07-25 19:12:05,-0.7193,8.7815,75.16,83,100,11.5
424,Imbituba,BR,2022-07-25 19:08:08,-28.24,-48.6703,72.86,90,5,7.0
425,Bemidji,US,2022-07-25 19:12:05,47.4736,-94.8803,74.17,46,0,5.75
426,Ranong,TH,2022-07-25 19:12:06,9.9658,98.6348,77.67,86,86,3.91
427,Kutulik,RU,2022-07-25 19:12:06,53.3508,102.7839,51.64,95,100,20.18
428,Yangcun,CN,2022-07-25 19:12:07,39.3639,117.0603,80.58,76,100,5.73
429,Kumi,KR,2022-07-25 19:12:07,36.1136,128.336,72.95,95,19,0.63
430,Sao Joao Da Barra,BR,2022-07-25 19:12:07,-21.6403,-41.0511,78.89,77,0,13.94
431,Sechura,PE,2022-07-25 19:12:08,-5.5569,-80.8222,75.92,60,18,12.3
432,Sena Madureira,BR,2022-07-25 19:12:08,-9.0656,-68.6569,87.1,55,78,2.62
433,Staryy Oskol,RU,2022-07-25 19:08:59,51.2967,37.8417,65.5,90,100,7.96
434,Hambantota,LK,2022-07-25 19:12:09,6.1241,81.1185,78.64,86,100,9.4
435,Sabha,LY,2022-07-25 19:12:09,27.0377,14.4283,87.89,19,0,9.82
436,Port Macquarie,AU,2022-07-25 19:12:10,-31.4333,152.9167,44.89,83,3,5.26
437,Conde,BR,2022-07-25 19:12:10,-7.2597,-34.9075,81.86,61,40,14.97
438,Halifax,CA,2022-07-25 19:12:11,44.6453,-63.5724,83.7,81,71,15.01
439,Iberia,US,2022-07-25 19:12:11,29.9502,-91.7507,80.67,88,75,10.36
440,Gillette,US,2022-07-25 19:10:35,44.2911,-105.5022,75.06,56,28,3.24
441,Morros,BR,2022-07-25 19:12:12,-9.4467,-46.3003,89.58,26,100,7.38
442,Praia,CV,2022-07-25 19:09:40,14.9215,-23.5087,82.94,74,40,5.75
443,Constitucion,CL,2022-07-25 19:12:12,-35.3333,-72.4167,55.98,77,100,23.91
444,Baran,IN,2022-07-25 19:12:13,25.1,76.5167,76.15,93,100,6.69
445,Natori,JP,2022-07-25 19:12:13,38.1691,140.8823,72.27,97,50,1.43
446,Yandyki,RU,2022-07-25 19:12:13,45.7691,47.1258,76.03,44,0,9.28
447,Sijunjung,ID,2022-07-25 19:12:14,-0.6876,100.9537,70.05,96,100,2.3
448,Kirakira,SB,2022-07-25 19:12:15,-10.4544,161.9205,78.64,85,81,7.96
449,Camopi,GF,2022-07-25 19:12:15,3.1655,-52.3158,83.79,72,79,3.2
450,Bahia Blanca,AR,2022-07-25 19:11:54,-38.7196,-62.2724,59.41,62,100,9.75
451,Ambon,ID,2022-07-25 19:12:16,-3.6954,128.1814,78.24,15,40,2.3
452,Antofagasta,CL,2022-07-25 19:12:16,-23.65,-70.4,58.28,71,9,8.48
453,Mogzon,RU,2022-07-25 19:12:16,51.7435,111.9606,52.32,95,100,1.05
454,Weihai,CN,2022-07-25 19:12:17,37.5017,122.1136,72.86,82,0,7.05
455,Pacifica,US,2022-07-25 19:12:17,37.6138,-122.4869,77.65,78,20,14.97
456,Mangrol,IN,2022-07-25 19:12:17,21.1167,70.1167,81.48,83,100,17.76
457,Gisborne,NZ,2022-07-25 19:08:30,-38.6533,178.0042,57.02,96,100,22.88
458,Kljuc,BA,2022-07-25 19:12:18,44.535,16.7722,74.8,53,0,3.49
459,Buritizeiro,BR,2022-07-25 19:12:18,-17.3511,-44.9622,86.45,20,0,5.12
460,Itoman,JP,2022-07-25 19:13:19,26.1247,127.6694,84.22,89,0,2.3
461,Phalaborwa,ZA,2022-07-25 19:13:19,-23.943,31.1411,60.17,44,0,3.62
462,Pendleton,US,2022-07-25 19:10:43,45.6721,-118.7886,96.62,23,0,11.99
463,Kadayanallur,IN,2022-07-25 19:13:20,9.0833,77.35,77.99,77,100,5.91
464,Praya,CV,2022-07-25 19:09:40,14.9215,-23.5087,82.94,74,40,5.75
465,Decatur,US,2022-07-25 19:09:49,39.8403,-88.9548,75.25,73,0,4.61
466,Lang Son,VN,2022-07-25 19:11:44,21.8333,106.7333,73.45,93,5,3.49
467,Saint-Georges,GD,2022-07-25 19:13:20,12.0564,-61.7485,82.54,72,81,9.31
468,Saint-Joseph,RE,2022-07-25 19:13:21,-21.3667,55.6167,64.78,80,38,10.58
469,Chengde,CN,2022-07-25 19:13:21,40.9725,117.9361,69.03,93,100,1.68
470,Paredon,MX,2022-07-25 19:13:22,16.0333,-93.8667,87.51,62,77,6.98
471,Isangel,VU,2022-07-25 19:13:22,-19.55,169.2667,74.25,92,30,10.11
472,Durazno,UY,2022-07-25 19:13:22,-33.4131,-56.5006,67.95,88,100,9.8
473,Ambajogai,IN,2022-07-25 19:13:23,18.7333,76.3833,74.21,85,100,7.72
474,Linxia,CN,2022-07-25 19:13:23,35.6003,103.2064,64.85,69,0,4.07
475,Prabumulih,ID,2022-07-25 19:13:24,-3.45,104.25,73.13,98,100,3.13
476,Kulhudhuffushi,MV,2022-07-25 19:13:24,6.6221,73.07,81.75,78,100,14.5
477,Chornobay,UA,2022-07-25 19:13:25,49.6708,32.3239,65.32,74,27,10.04
478,Felanitx,ES,2022-07-25 19:13:25,39.4696,3.1483,88.14,53,37,2.8
479,Mount Gambier,AU,2022-07-25 19:13:25,-37.8333,140.7667,47.25,71,75,12.91
480,Nishihara,JP,2022-07-25 19:09:00,26.1842,127.7558,83.48,89,40,4.61
481,Den Helder,NL,2022-07-25 19:08:35,52.9599,4.7593,67.98,83,100,17.27
482,Hobyo,SO,2022-07-25 19:13:26,5.3505,48.5268,76.28,82,2,26.44
483,Zaysan,KZ,2022-07-25 19:13:26,47.4667,84.8667,61.16,37,0,7.78
484,Lourdes,FR,2022-07-25 19:13:27,43.1,-0.05,71.08,68,100,10.36
485,La Plata,AR,2022-07-25 19:10:00,-34.9215,-57.9545,63.03,97,100,10.63
486,Ancud,CL,2022-07-25 19:13:27,-41.8697,-73.8203,49.23,87,100,11.63
487,Novo Aripuana,BR,2022-07-25 19:13:27,-5.1206,-60.3797,98.38,25,25,4.27
488,Saint-Pierre,RE,2022-07-25 19:13:28,-21.3393,55.4781,67.91,72,20,5.75
489,Pisek,CZ,2022-07-25 19:13:28,49.3088,14.1475,79.12,59,96,6.02
490,Jaisalmer,IN,2022-07-25 19:13:28,26.9147,70.9181,83.37,77,100,8.3
491,Thinadhoo,MV,2022-07-25 19:13:29,0.5333,72.9333,82.74,73,61,7.65
492,Puro,PH,2022-07-25 19:13:29,12.4841,123.3827,79.95,81,98,3.76
493,Manaus,BR,2022-07-25 19:11:23,-3.1019,-60.025,91.9,58,40,10.36
494,Plessisville,CA,2022-07-25 19:09:22,46.2186,-71.762,78.08,58,0,17.52
495,Cunha,BR,2022-07-25 19:11:15,-23.0744,-44.9597,72.55,49,14,4.16
496,Chiochis,RO,2022-07-25 19:13:30,46.9833,24.1833,78.42,32,2,5.03
497,Flinders,AU,2022-07-25 19:13:31,-34.5833,150.8552,55.38,90,100,4.0
498,Callaguip,PH,2022-07-25 19:13:31,18.0714,120.4867,82.54,76,100,2.55
499,Ahipara,NZ,2022-07-25 19:13:31,-35.1667,173.1667,56.57,87,39,21.36
500,Quatre Cocos,MU,2022-07-25 19:13:32,-20.2078,57.7625,66.09,76,20,11.36
501,Svetlyy,RU,2022-07-25 19:13:32,54.675,20.1347,70.97,66,100,11.05
502,Antalaha,MG,2022-07-25 19:13:32,-14.9003,50.2788,68.72,82,83,6.69
503,Sorong,ID,2022-07-25 19:13:33,-0.8833,131.25,78.31,85,100,5.57
504,Broome,US,2022-07-25 19:13:33,42.2506,-75.833,86.63,59,0,13.8
505,Mugur-Aksy,RU,2022-07-25 19:14:33,50.35,90.5,43.93,83,36,2.28
506,Sioux Lookout,CA,2022-07-25 19:14:34,50.1001,-91.917,71.96,38,100,9.57
507,La Union,PE,2022-07-25 19:14:34,-5.4,-80.75,81.95,45,12,12.55
508,Omboue,GA,2022-07-25 19:14:35,-1.5746,9.2618,72.81,84,41,8.77
509,Tabuk,PH,2022-07-25 19:14:35,17.4189,121.4443,75.52,91,100,1.48
510,Esmeraldas,BR,2022-07-25 19:14:35,-19.7625,-44.3139,77.86,27,0,5.5
511,Barra Da Estiva,BR,2022-07-25 19:14:36,-13.6261,-41.3269,71.24,43,100,9.98
512,Mecca,SA,2022-07-25 19:14:37,21.4267,39.8261,91.18,45,97,11.01
513,Sharjah,AE,2022-07-25 19:12:13,25.3573,55.4033,96.78,63,100,19.57
514,Nantucket,US,2022-07-25 19:14:37,41.2835,-70.0995,80.71,85,100,16.11
515,Avera,US,2022-07-25 19:14:38,33.194,-82.5271,92.71,39,100,8.12
516,Dhidhdhoo,MV,2022-07-25 19:14:38,6.8833,73.1,81.95,78,100,14.7
517,Bitung,ID,2022-07-25 19:14:38,1.4451,125.1824,74.25,84,99,10.96
518,Chilliwack,CA,2022-07-25 19:10:30,49.1747,-121.9443,85.26,51,0,3.29
519,Mujiayingzi,CN,2022-07-25 19:14:39,42.1167,118.7833,68.5,85,39,5.91
520,Rawson,AR,2022-07-25 19:14:39,-43.3002,-65.1023,44.38,91,100,12.86
521,Birjand,IR,2022-07-25 19:14:40,32.8663,59.2211,86.56,24,3,16.33
522,Tiznit,MA,2022-07-25 19:14:40,29.5833,-9.5,97.18,15,88,5.88
523,Nova Odesa,UA,2022-07-25 19:14:40,47.3078,31.7851,71.26,52,0,6.71
524,Dabat,ET,2022-07-25 19:14:41,12.9842,37.765,54.25,88,100,1.39
525,Saint Anthony,US,2022-07-25 19:14:42,45.0205,-93.218,78.91,42,0,11.5
526,Garissa,KE,2022-07-25 19:14:42,-0.4536,39.6401,75.2,63,100,23.6
527,Kukuna,SL,2022-07-25 19:14:43,9.4,-12.6667,74.25,96,99,4.5
528,Grindavik,IS,2022-07-25 19:14:43,63.8424,-22.4338,52.27,82,75,9.22
529,Luangwa,ZM,2022-07-25 19:13:15,-15.6167,30.4167,66.51,44,2,3.2
530,Sahuaripa,MX,2022-07-25 19:14:43,29.05,-109.2333,90.63,49,41,2.42
531,Griffith,US,2022-07-25 19:14:44,41.5284,-87.4237,79.3,66,40,10.36
532,Kanye,BW,2022-07-25 19:14:44,-24.9667,25.3327,55.56,60,2,8.48
533,Falam,MM,2022-07-25 19:14:45,22.9167,93.6833,62.2,97,100,2.06
534,Maba,CN,2022-07-25 19:14:45,24.6841,113.5984,81.16,75,1,2.62
535,Kula,TR,2022-07-25 19:14:45,38.5473,28.6498,76.05,32,1,7.05
536,Atasu,KZ,2022-07-25 19:14:46,48.6814,71.6433,71.26,32,21,8.5
537,Prieska,ZA,2022-07-25 19:14:46,-29.6641,22.7474,53.92,26,0,5.64
538,Matara,LK,2022-07-25 19:14:47,5.9485,80.5353,77.56,91,100,10.47
539,Santa Vitoria,BR,2022-07-25 19:14:47,-18.8386,-50.1214,86.97,25,0,5.64
540,Acapulco,MX,2022-07-25 19:14:47,16.8634,-99.8901,87.62,66,75,8.05
541,Pitimbu,BR,2022-07-25 19:14:48,-7.4706,-34.8086,82.99,75,84,15.64
542,Springdale,US,2022-07-25 19:14:48,36.1867,-94.1288,100.54,39,40,8.05
543,Witu,KE,2022-07-25 19:14:49,-2.3889,40.4382,75.36,78,29,14.63
544,Lasa,IT,2022-07-25 19:14:49,46.6166,10.7002,67.37,92,62,5.91
545,Yumen,CN,2022-07-25 19:14:49,40.2833,97.2,76.21,30,71,6.76
546,Dekar,BW,2022-07-25 19:14:50,-21.5333,21.9333,63.93,30,6,7.87
547,Loa Janan,ID,2022-07-25 19:15:50,-0.583,117.095,72.55,99,77,2.26
548,Beihai,CN,2022-07-25 19:15:51,21.4833,109.1,84.97,75,8,9.98
549,Kayes,ML,2022-07-25 19:15:51,14.0,-11.0,80.65,76,100,3.6
550,Tres Arroyos,AR,2022-07-25 19:15:51,-38.3739,-60.2798,58.8,63,100,13.56
551,Lata,PT,2022-07-25 19:15:52,40.1629,-8.3327,73.08,60,0,7.52
552,Burnie,AU,2022-07-25 19:15:52,-41.0667,145.9167,53.94,93,64,8.95
553,Khangah Dogran,PK,2022-07-25 19:15:52,31.8317,73.6231,84.22,77,74,6.69
554,Vila,PT,2022-07-25 19:15:53,42.0304,-8.1588,71.71,53,1,5.95
555,Farafangana,MG,2022-07-25 19:15:53,-22.8167,47.8333,68.11,86,9,6.15
556,Opuwo,NA,2022-07-25 19:15:54,-18.0607,13.84,66.81,30,24,5.61
557,Chodavaram,IN,2022-07-25 19:15:54,17.8333,82.95,80.44,86,100,1.54
558,Yaring,TH,2022-07-25 19:15:54,6.8662,101.3689,78.01,87,75,5.35
559,Mayumba,GA,2022-07-25 19:15:55,-3.432,10.6554,71.1,91,36,6.26
560,Thompson,CA,2022-07-25 19:15:55,55.7435,-97.8558,62.76,77,75,5.75
561,Porto Novo,BJ,2022-07-25 19:15:55,6.4965,2.6036,78.62,82,100,8.97
562,Abu Kamal,SY,2022-07-25 19:15:56,34.4506,40.9171,91.44,14,0,7.94
563,Marzuq,YE,2022-07-25 19:15:57,14.4,46.4667,82.36,57,100,4.9
564,La Rioja,ES,2022-07-25 19:12:04,42.25,-2.5,65.98,78,5,7.27
565,Sur,OM,2022-07-25 19:15:58,22.5667,59.5289,86.04,71,100,10.33
566,Tabas,IR,2022-07-25 19:15:58,33.5959,56.9244,106.02,12,0,11.5
567,Manoel Urbano,BR,2022-07-25 19:11:15,-8.8389,-69.2597,83.3,66,99,0.94
568,Sitka,US,2022-07-25 19:15:59,57.0531,-135.33,57.09,88,100,3.44
569,Buala,SB,2022-07-25 19:15:59,-8.145,159.5921,79.29,84,83,8.5
570,Matay,EG,2022-07-25 19:15:59,28.419,30.7792,90.72,17,0,6.24
571,Panguipulli,CL,2022-07-25 19:16:00,-39.6333,-72.3333,52.56,80,100,4.97
572,Bantou,CN,2022-07-25 19:16:00,26.2151,117.4893,79.03,74,10,1.61
573,Messina,IT,2022-07-25 19:16:00,38.1933,15.5497,83.19,70,0,3.0
574,Yuzhou,CN,2022-07-25 19:16:01,34.1628,113.4639,74.32,96,52,5.95
575,Tanout,NE,2022-07-25 19:16:01,14.9709,8.8879,98.33,17,16,5.19
576,Keffi,NG,2022-07-25 19:16:02,8.8486,7.8736,74.91,93,56,3.29
577,Turochak,RU,2022-07-25 19:16:02,52.2576,87.1224,49.41,96,6,2.04
578,Ijui,BR,2022-07-25 19:16:03,-28.3878,-53.9147,78.19,66,0,4.45
579,Norsup,VU,2022-07-25 19:16:03,-16.0667,167.3833,77.25,86,1,3.24
580,Tasiilaq,GL,2022-07-25 19:13:33,65.6145,-37.6368,48.36,85,100,2.15
581,Ginir,ET,2022-07-25 19:16:04,7.1333,40.7,67.5,46,91,13.78
582,Lekoni,GA,2022-07-25 19:16:04,-1.5843,14.2591,74.7,75,89,3.89
583,Tiquicheo,MX,2022-07-25 19:16:05,18.8833,-100.7333,85.66,63,100,2.17
584,Tautira,PF,2022-07-25 19:16:05,-17.7333,-149.15,74.71,88,98,3.74
585,Altay,CN,2022-07-25 19:16:05,47.8667,88.1167,57.18,40,0,4.79
586,Isla Vista,US,2022-07-25 19:12:52,34.4133,-119.861,83.25,40,28,6.62
587,Swansea,GB,2022-07-25 19:14:54,51.6208,-3.9432,65.01,71,65,4.0
588,Petropavlovsk-Kamchatskiy,RU,2022-07-25 19:16:06,53.0452,158.6483,52.39,100,75,2.24
589,Susangerd,IR,2022-07-25 19:16:07,31.5608,48.1831,97.56,7,2,13.96
590,Marsa Matruh,EG,2022-07-25 19:16:07,31.3525,27.2453,78.66,76,0,10.49
591,Kaitong,CN,2022-07-25 19:16:07,44.8135,123.15,72.39,96,100,8.25
592,Sangueya,GN,2022-07-25 19:16:08,10.7,-14.3667,74.39,96,100,3.65
593,Soyo,AO,2022-07-25 19:16:08,-6.1349,12.3689,70.74,90,9,6.98
594,Loreto,MX,2022-07-25 19:16:09,22.2667,-101.9667,78.19,33,100,9.84
595,Shubarkuduk,KZ,2022-07-25 19:16:09,49.1447,56.4872,77.77,42,100,7.45
596,Mandalgovi,MN,2022-07-25 19:17:09,45.7625,106.2708,62.17,60,100,4.12
597,Howard Springs,AU,2022-07-25 19:17:10,-12.497,131.047,64.31,96,4,4.74
598,Ojinaga,MX,2022-07-25 19:17:10,29.5667,-104.4167,96.42,40,0,3.44
599,Whitecourt,CA,2022-07-25 19:17:11,54.1502,-115.6855,63.64,82,75,6.91
600,Dakar,SN,2022-07-25 19:17:11,14.6937,-17.4441,85.08,76,74,10.33
601,Lucapa,AO,2022-07-25 19:17:11,-8.4192,20.7447,73.99,27,8,3.91
602,Kamenica,DE,2022-07-25 19:17:12,50.8333,12.9167,81.63,67,52,1.01
603,Meadow Lake,US,2022-07-25 19:17:12,34.8014,-106.5436,91.62,36,14,10.36
604,Kathu,TH,2022-07-25 19:17:13,7.9178,98.3332,85.75,83,86,5.01
605,Alekseyevka,RU,2022-07-25 19:17:13,50.6309,38.6903,65.14,96,100,3.87
606,Troy,US,2022-07-25 19:14:03,42.6056,-83.1499,80.56,48,40,12.66
607,Wanning,CN,2022-07-25 19:17:14,18.8003,110.3967,79.41,84,77,4.94
608,Benghazi,LY,2022-07-25 19:13:42,32.1167,20.0667,81.36,75,0,14.14
609,Atlantic City,US,2022-07-25 19:16:06,39.3643,-74.4229,93.02,59,40,12.66
610,Roma,US,2022-07-25 19:15:30,43.2128,-75.4557,78.73,63,75,18.41
611,Kattivakkam,IN,2022-07-25 19:17:15,13.2167,80.3167,82.49,77,100,6.98
612,Travesia,HN,2022-07-25 19:17:15,15.8667,-87.9,91.69,72,95,7.2
613,Kieta,PG,2022-07-25 19:17:16,-6.2167,155.6333,77.83,85,83,2.77
614,Rio Claro,BR,2022-07-25 19:17:16,-22.4114,-47.5614,83.46,25,36,1.3
