City_ID,City,Country,Date,Lat,Lng,Max Temp,Humidity,Cloudiness,Wind Speed,Current Description
0,Garh Maharaja,PK,2022-07-25 14:27:31,30.8339,71.9053,91.44,60,83,9.37,moderate rain
1,Vaini,TO,2022-07-25 14:27:31,-21.2,-175.2,71.76,88,40,6.91,scattered clouds
2,Hilo,US,2022-07-25 14:26:04,19.7297,-155.09,77.29,94,100,8.01,overcast clouds
3,Qasigiannguit,GL,2022-07-25 14:27:32,68.8193,-51.1922,43.05,88,97,4.14,overcast clouds
4,Longyearbyen,SJ,2022-07-25 14:27:32,78.2186,15.6401,49.84,76,40,12.66,scattered clouds
5,Georgetown,MY,2022-07-25 14:26:21,5.4112,100.3354,81.9,91,40,3.44,scattered clouds
6,Lorengau,PG,2022-07-25 14:27:32,-2.0226,147.2712,80.98,81,31,5.57,scattered clouds
7,Tasiilaq,GL,2022-07-25 14:27:33,65.6145,-37.6368,48.36,82,100,1.43,overcast clouds
8,Mareeba,AU,2022-07-25 14:27:33,-17.0,145.4333,65.12,88,0,2.77,clear sky
9,Yar-Sale,RU,2022-07-25 14:27:34,66.8333,70.8333,57.88,57,63,15.32,broken clouds
10,Rikitea,PF,2022-07-25 14:27:34,-23.1203,-134.9692,75.02,74,28,19.69,scattered clouds
11,Urengoy,RU,2022-07-25 14:27:34,65.9667,78.3667,54.37,74,100,6.51,overcast clouds
12,Noumea,NC,2022-07-25 14:27:35,-22.2763,166.4572,73.99,99,95,6.96,overcast clouds
13,Grindavik,IS,2022-07-25 14:27:35,63.8424,-22.4338,54.07,76,75,11.5,broken clouds
14,Ribeira Grande,PT,2022-07-25 14:27:36,38.5167,-28.7,75.6,88,75,4.61,broken clouds
15,Faranah,GN,2022-07-25 14:27:36,10.0404,-10.7434,79.66,76,100,6.2,light rain
16,Port Alfred,ZA,2022-07-25 14:27:36,-33.5906,26.891,62.19,66,0,3.0,clear sky
17,Kalabo,ZM,2022-07-25 14:27:37,-14.97,22.6814,85.32,14,0,6.93,clear sky
18,Saint George,US,2022-07-25 14:26:47,37.1041,-113.5841,82.99,52,0,3.44,clear sky
19,Kavieng,PG,2022-07-25 14:27:37,-2.5744,150.7967,81.73,80,35,16.26,light rain
20,Busselton,AU,2022-07-25 14:27:38,-33.65,115.3333,60.53,76,40,18.81,scattered clouds
21,Faya,SA,2022-07-25 14:27:38,18.3851,42.4509,70.32,79,100,10.85,heavy intensity rain
22,Bambous Virieux,MU,2022-07-25 14:27:38,-20.3428,57.7575,70.05,78,40,8.05,light rain
23,Beni Suef,EG,2022-07-25 14:27:39,29.0731,31.0979,102.52,12,3,10.27,clear sky
24,Dunedin,NZ,2022-07-25 14:27:39,-45.8742,170.5036,46.04,92,100,18.16,overcast clouds
25,Mataura,NZ,2022-07-25 14:27:40,-46.1927,168.8643,44.47,90,100,11.03,overcast clouds
26,Barrow,US,2022-07-25 14:23:48,71.2906,-156.7887,37.42,93,100,14.97,fog
27,Chokurdakh,RU,2022-07-25 14:27:40,70.6333,147.9167,54.59,53,98,13.15,overcast clouds
28,Saint Anthony,US,2022-07-25 14:27:41,45.0205,-93.218,70.09,58,0,4.61,clear sky
29,Puerto Ayora,EC,2022-07-25 14:27:41,-0.7393,-90.3518,73.36,93,69,4.0,broken clouds
30,Hamilton,US,2022-07-25 14:27:33,39.1834,-84.5333,80.6,85,100,6.91,overcast clouds
31,Pangnirtung,CA,2022-07-25 14:27:42,66.1451,-65.7125,49.19,74,68,4.68,broken clouds
32,Saint-Philippe,RE,2022-07-25 14:27:42,-21.3585,55.7679,71.19,79,50,12.01,scattered clouds
33,Ushuaia,AR,2022-07-25 14:27:42,-54.8,-68.3,38.82,87,75,32.21,moderate rain
34,Humaita,BR,2022-07-25 14:27:43,-7.5061,-63.0208,89.8,31,5,3.6,clear sky
35,Port Macquarie,AU,2022-07-25 14:27:43,-31.4333,152.9167,46.89,91,20,6.04,few clouds
36,Komsomolskiy,UZ,2022-07-25 14:27:43,40.4272,71.7189,101.12,15,0,4.61,clear sky
37,New Norfolk,AU,2022-07-25 14:27:44,-42.7826,147.0587,54.9,83,100,1.01,overcast clouds
38,West Bay,KY,2022-07-25 14:27:44,19.3667,-81.4167,87.01,78,20,8.05,few clouds
39,Hobart,AU,2022-07-25 14:27:44,-42.8794,147.3294,55.26,85,100,5.75,overcast clouds
40,Arraial Do Cabo,BR,2022-07-25 14:27:45,-22.9661,-42.0278,78.76,61,20,14.97,few clouds
41,Albany,US,2022-07-25 14:26:45,42.6001,-73.9662,76.51,94,100,4.14,overcast clouds
42,Kaitangata,NZ,2022-07-25 14:27:45,-46.2817,169.8464,46.15,88,100,16.67,overcast clouds
43,Ponta Delgada,PT,2022-07-25 14:27:46,37.7333,-25.6667,75.92,83,20,9.22,few clouds
44,Cidreira,BR,2022-07-25 14:27:46,-30.1811,-50.2056,66.9,82,9,4.03,clear sky
45,Hermanus,ZA,2022-07-25 14:28:47,-34.4187,19.2345,64.24,50,0,7.94,clear sky
46,Aklavik,CA,2022-07-25 14:28:47,68.2191,-135.0107,54.23,73,100,5.01,overcast clouds
47,Pag,HR,2022-07-25 14:28:47,44.445,15.0575,95.58,56,0,5.35,clear sky
48,Dombasle-Sur-Meurthe,FR,2022-07-25 14:28:48,48.6252,6.3497,85.51,39,0,13.8,clear sky
49,Bluff,NZ,2022-07-25 14:28:48,-46.6,168.3333,44.8,83,100,25.1,overcast clouds
50,Guerrero Negro,MX,2022-07-25 14:26:17,27.9769,-114.0611,67.59,86,20,3.78,few clouds
51,Troitskoye,RU,2022-07-25 14:28:49,52.9821,84.6757,59.67,74,54,4.29,broken clouds
52,Dingle,PH,2022-07-25 14:24:50,10.9995,122.6711,76.64,94,100,4.18,light rain
53,Punta Arenas,CL,2022-07-25 14:28:50,-53.15,-70.9167,39.31,70,75,21.85,light rain
54,Flin Flon,CA,2022-07-25 14:28:50,54.7682,-101.865,64.24,77,40,10.36,scattered clouds
55,Ahipara,NZ,2022-07-25 14:28:50,-35.1667,173.1667,58.78,90,51,16.13,broken clouds
56,Lodja,CD,2022-07-25 14:28:51,-3.4833,23.4333,96.78,23,84,1.9,broken clouds
57,Chama,CH,2022-07-25 14:28:51,47.1821,8.4636,95.95,32,0,10.36,clear sky
58,Lushoto,TZ,2022-07-25 14:28:52,-4.7833,38.2833,65.03,59,42,9.35,scattered clouds
59,Atuona,PF,2022-07-25 14:28:52,-9.8,-139.0333,77.04,62,92,15.19,overcast clouds
60,Ahuimanu,US,2022-07-25 14:28:52,21.4447,-157.8378,76.71,78,40,12.66,light rain
61,Tiznit,MA,2022-07-25 14:28:53,29.5833,-9.5,105.69,11,12,16.31,few clouds
62,La Palma,US,2022-07-25 14:28:53,33.8464,-118.0467,70.77,86,100,4.61,overcast clouds
63,Oktyabrskoye,RU,2022-07-25 14:28:53,43.0645,44.7417,80.74,39,40,6.71,scattered clouds
64,Bredasdorp,ZA,2022-07-25 14:28:54,-34.5322,20.0403,63.32,51,0,10.58,clear sky
65,Mar Del Plata,AR,2022-07-25 14:28:54,-38.0023,-57.5575,54.09,92,75,12.66,light rain
66,Berlevag,NO,2022-07-25 14:28:55,70.8578,29.0864,58.8,76,20,13.8,few clouds
67,Garbolovo,RU,2022-07-25 14:28:55,60.3413,30.4955,74.17,66,84,3.18,broken clouds
68,Nisia Floresta,BR,2022-07-25 14:28:55,-6.0911,-35.2086,84.58,62,53,16.02,broken clouds
69,Tutoia,BR,2022-07-25 14:28:56,-2.7619,-42.2744,87.4,55,99,4.25,overcast clouds
70,Torbay,CA,2022-07-25 14:28:56,47.6666,-52.7314,83.75,58,75,18.41,broken clouds
71,Willmar,US,2022-07-25 14:28:56,45.1219,-95.0433,66.38,72,0,4.61,clear sky
72,Forestville,US,2022-07-25 14:28:57,38.8451,-76.875,87.15,72,0,16.11,clear sky
73,Taucha,DE,2022-07-25 14:28:57,51.3833,12.4833,98.1,27,0,13.8,clear sky
74,Butaritari,KI,2022-07-25 14:28:58,3.0707,172.7902,81.07,79,100,16.02,light rain
75,Yellowknife,CA,2022-07-25 14:28:58,62.456,-114.3525,61.32,77,75,16.11,broken clouds
76,Bilma,NE,2022-07-25 14:28:58,18.6853,12.9164,107.08,8,0,20.18,clear sky
77,Qaanaaq,GL,2022-07-25 14:28:59,77.484,-69.3632,40.98,76,1,2.77,clear sky
78,San Rafael,AR,2022-07-25 14:28:59,-34.6177,-68.3301,50.95,87,100,6.17,overcast clouds
79,Katsuura,JP,2022-07-25 14:29:00,35.1333,140.3,79.39,93,84,15.21,broken clouds
80,Balsas,BR,2022-07-25 14:26:09,-7.5325,-46.0356,89.62,32,100,10.2,overcast clouds
81,Boueni,YT,2022-07-25 14:29:00,-12.9025,45.0761,78.78,71,0,12.06,clear sky
82,Savannah Bight,HN,2022-07-25 14:29:01,16.45,-85.85,81.41,77,17,9.86,few clouds
83,Faanui,PF,2022-07-25 14:29:01,-16.4833,-151.75,75.81,83,95,7.67,light rain
84,Shasta Lake,US,2022-07-25 14:29:02,40.6804,-122.3708,69.96,51,0,3.56,clear sky
85,Corrente,BR,2022-07-25 14:29:02,-3.7367,-43.3394,89.42,46,33,5.5,scattered clouds
86,Cherskiy,RU,2022-07-25 14:29:02,68.75,161.3,42.55,73,1,9.46,clear sky
87,Tuktoyaktuk,CA,2022-07-25 14:29:03,69.4541,-133.0374,42.8,87,75,9.22,broken clouds
88,Biloela,AU,2022-07-25 14:29:03,-24.4167,150.5,55.29,93,0,2.8,clear sky
89,Castro,BR,2022-07-25 14:30:04,-24.7911,-50.0119,72.77,46,100,3.44,overcast clouds
90,Ancud,CL,2022-07-25 14:30:04,-41.8697,-73.8203,44.22,91,100,13.22,overcast clouds
91,Ardabil,IR,2022-07-25 14:30:05,38.2498,48.2933,58.55,94,100,19.57,fog
92,East London,ZA,2022-07-25 14:27:28,-33.0153,27.9116,61.74,63,0,9.22,clear sky
93,Ler,SS,2022-07-25 14:30:05,8.3018,30.1418,88.47,54,41,3.56,scattered clouds
94,Ambon,ID,2022-07-25 14:30:06,-3.6954,128.1814,79.23,14,40,4.61,scattered clouds
95,Verkh-Usugli,RU,2022-07-25 14:30:06,52.7,115.1667,57.49,96,46,1.7,scattered clouds
96,San Patricio,US,2022-07-25 14:30:07,28.017,-97.5169,87.67,55,0,7.85,clear sky
97,Xining,CN,2022-07-25 14:30:07,36.6167,101.7667,64.45,50,0,0.85,clear sky
98,Esperance,AU,2022-07-25 14:30:08,-33.8667,121.9,52.16,64,0,13.73,clear sky
99,Chililabombwe,ZM,2022-07-25 14:30:09,-12.3648,27.8229,76.19,27,14,6.31,few clouds
100,Valle De Allende,MX,2022-07-25 14:30:09,26.9333,-105.4,74.77,48,29,4.25,scattered clouds
101,Natitingou,BJ,2022-07-25 14:30:10,10.3042,1.3796,80.64,66,93,6.11,overcast clouds
102,Usinsk,RU,2022-07-25 14:30:10,65.9939,57.5281,53.85,70,96,21.59,overcast clouds
103,Breytovo,RU,2022-07-25 14:30:11,58.2993,37.8617,71.55,75,48,8.68,scattered clouds
104,Port Elizabeth,ZA,2022-07-25 14:30:11,-33.918,25.5701,63.1,66,0,14.97,clear sky
105,Clyde River,CA,2022-07-25 14:30:12,70.4692,-68.5914,48.43,87,75,10.36,broken clouds
106,Praia Da Vitoria,PT,2022-07-25 14:29:26,38.7333,-27.0667,79.05,83,75,3.94,broken clouds
107,Shimoda,JP,2022-07-25 14:30:13,34.6667,138.95,78.1,93,100,7.11,overcast clouds
108,Udachnyy,RU,2022-07-25 14:30:13,66.4167,112.4,71.46,77,41,3.2,scattered clouds
109,Luganville,VU,2022-07-25 14:30:14,-15.5333,167.1667,76.71,87,1,1.23,clear sky
110,Caravelas,BR,2022-07-25 14:30:14,-17.7125,-39.2481,78.22,58,71,9.19,broken clouds
111,Munkebo,DK,2022-07-25 14:30:15,55.4618,10.5558,74.84,62,99,17.25,moderate rain
112,Nueva Armenia,HN,2022-07-25 14:30:15,15.7956,-86.4985,84.38,62,42,1.83,scattered clouds
113,San Jeronimo,PE,2022-07-25 14:30:15,-11.9472,-75.2829,53.11,63,95,1.57,overcast clouds
114,Carnarvon,AU,2022-07-25 14:30:16,-24.8667,113.6333,64.69,36,0,11.39,clear sky
115,Aksu,CN,2022-07-25 14:30:16,41.1231,80.2644,90.55,20,20,12.5,few clouds
116,Yaring,TH,2022-07-25 14:30:17,6.8662,101.3689,79.93,82,98,5.53,overcast clouds
117,Erenhot,CN,2022-07-25 14:30:17,43.6475,111.9767,72.54,56,89,20.65,overcast clouds
118,Mahibadhoo,MV,2022-07-25 14:30:17,3.7833,72.9667,81.21,76,100,11.54,overcast clouds
119,Ponta Grossa,BR,2022-07-25 14:30:18,-25.095,-50.1619,72.61,48,99,2.13,overcast clouds
120,Asau,RO,2022-07-25 14:30:18,46.4333,26.4,87.96,43,33,7.23,scattered clouds
121,Carutapera,BR,2022-07-25 14:30:19,-1.195,-46.02,84.49,69,93,6.93,overcast clouds
122,Tilichiki,RU,2022-07-25 14:30:19,60.4667,166.1,47.3,86,36,4.29,scattered clouds
123,Kapaa,US,2022-07-25 14:30:20,22.0752,-159.319,77.32,82,75,14.97,broken clouds
124,Gulabpura,IN,2022-07-25 14:30:20,25.9,74.6667,77.79,91,100,8.81,overcast clouds
125,Saskylakh,RU,2022-07-25 14:30:21,71.9167,114.0833,69.64,56,97,6.31,overcast clouds
126,Omboue,GA,2022-07-25 14:30:21,-1.5746,9.2618,74.64,75,97,10.45,overcast clouds
127,Ponta Do Sol,PT,2022-07-25 14:30:22,32.6667,-17.1,87.12,42,45,5.28,scattered clouds
128,Lianran,CN,2022-07-25 14:30:22,24.9227,102.485,70.34,86,94,3.51,overcast clouds
129,Port Blair,IN,2022-07-25 14:29:35,11.6667,92.75,82.11,83,78,6.8,broken clouds
130,San Joaquin,US,2022-07-25 14:30:22,37.9333,-121.3011,63.1,81,0,6.91,clear sky
131,Jamestown,US,2022-07-25 14:27:08,42.097,-79.2353,72.01,79,0,9.22,clear sky
132,Laguna,US,2022-07-25 14:30:23,38.421,-121.4238,70.02,81,0,5.75,clear sky
133,Upernavik,GL,2022-07-25 14:30:24,72.7868,-56.1549,39.58,89,99,11.18,overcast clouds
134,Amazar,RU,2022-07-25 14:30:24,53.858,120.875,66.88,74,52,3.33,broken clouds
135,Tarakan,ID,2022-07-25 14:31:24,3.3,117.6333,81.57,79,99,6.93,overcast clouds
136,Visnes,NO,2022-07-25 14:31:25,59.3556,5.2242,60.82,94,100,13.8,light intensity drizzle
137,Port Hedland,AU,2022-07-25 14:31:25,-20.3167,118.5667,62.65,51,0,8.05,clear sky
138,Bathsheba,BB,2022-07-25 14:31:26,13.2167,-59.5167,86.61,85,20,12.66,few clouds
139,Avarua,CK,2022-07-25 14:31:26,-21.2078,-159.775,62.65,88,40,2.3,scattered clouds
140,Cape Town,ZA,2022-07-25 14:31:26,-33.9258,18.4232,70.27,39,0,6.91,clear sky
141,Argostolion,GR,2022-07-25 14:31:27,38.1811,20.489,86.07,74,0,11.5,clear sky
142,Kungurtug,RU,2022-07-25 14:29:45,50.5994,97.5228,49.91,81,14,3.96,few clouds
143,Sitka,US,2022-07-25 14:31:27,57.0531,-135.33,55.29,94,100,0.0,light intensity drizzle
144,San Agustin,MX,2022-07-25 14:31:28,20.5333,-103.4667,65.52,77,100,0.0,haze
145,Kidal,ML,2022-07-25 14:31:28,18.4411,1.4078,105.93,15,2,6.96,clear sky
146,Broken Hill,AU,2022-07-25 14:31:29,-31.95,141.4333,47.3,68,0,18.05,clear sky
147,Fukue,JP,2022-07-25 14:31:29,32.6881,128.8419,76.93,79,0,0.45,clear sky
148,Howard Springs,AU,2022-07-25 14:31:30,-12.497,131.047,71.51,95,2,2.64,clear sky
149,Zlobin,HR,2022-07-25 14:31:30,45.2924,14.6541,88.68,28,20,6.91,few clouds
150,Camacupa,AO,2022-07-25 14:31:31,-12.0167,17.4833,82.54,15,2,2.48,clear sky
151,Lubango,AO,2022-07-25 14:31:31,-14.9172,13.4925,76.3,22,57,4.27,broken clouds
152,Rosarito,MX,2022-07-25 14:31:31,32.3333,-117.0333,69.48,79,52,4.41,broken clouds
153,Springfield,US,2022-07-25 14:29:46,37.2153,-93.2982,79.92,78,0,7.0,clear sky
154,Norman Wells,CA,2022-07-25 14:31:32,65.282,-126.8329,57.24,77,20,2.3,few clouds
155,Mende,FR,2022-07-25 14:31:32,44.6667,3.5,78.62,32,73,10.22,broken clouds
156,Milagro,ES,2022-07-25 14:31:33,42.2386,-1.764,88.47,27,0,23.38,clear sky
157,Pytalovo,RU,2022-07-25 14:31:33,57.0679,27.9138,70.38,67,95,4.27,overcast clouds
158,Iqaluit,CA,2022-07-25 14:29:47,63.7506,-68.5145,42.53,93,75,6.91,mist
159,San Cristobal,VE,2022-07-25 14:31:34,7.7669,-72.225,73.58,50,81,6.82,broken clouds
160,Beringovskiy,RU,2022-07-25 14:31:35,63.05,179.3167,44.92,75,100,7.05,overcast clouds
161,Hovd,MN,2022-07-25 14:31:35,48.0056,91.6419,58.39,58,74,2.95,broken clouds
162,Ningbo,CN,2022-07-25 14:30:03,29.8782,121.5495,80.58,78,40,6.71,thunderstorm with light rain
163,Husavik,IS,2022-07-25 14:27:12,66.0449,-17.3389,54.01,70,27,9.31,scattered clouds
164,Nemuro,JP,2022-07-25 14:31:36,43.3236,145.575,62.15,93,2,4.74,clear sky
165,Thompson,CA,2022-07-25 14:29:07,55.7435,-97.8558,57.36,88,100,2.3,overcast clouds
166,Kayes,ML,2022-07-25 14:31:37,14.0,-11.0,84.33,62,81,6.31,light rain
167,Tombouctou,ML,2022-07-25 14:31:37,20.0,-3.0,105.48,19,7,6.49,clear sky
168,Beloha,MG,2022-07-25 14:31:37,-25.1667,45.05,67.42,76,26,7.29,scattered clouds
169,Sembe,CG,2022-07-25 14:31:38,1.6481,14.5806,77.34,87,98,4.45,light rain
170,Lebu,CL,2022-07-25 14:31:38,-37.6167,-73.65,54.0,82,100,24.32,overcast clouds
171,Zeya,RU,2022-07-25 14:31:38,53.75,127.2667,68.04,74,35,2.24,scattered clouds
172,Souillac,MU,2022-07-25 14:31:40,-20.5167,57.5167,70.18,78,40,8.05,scattered clouds
173,Manggar,ID,2022-07-25 14:31:40,-2.8833,108.2667,81.23,73,78,12.53,broken clouds
174,Tambacounda,SN,2022-07-25 14:31:41,13.7539,-13.7586,84.25,74,75,6.91,broken clouds
175,Lesnyye Polyany,RU,2022-07-25 14:31:41,55.9667,37.8667,82.02,57,53,7.38,broken clouds
176,Sibu,MY,2022-07-25 14:31:42,2.3,111.8167,75.51,94,40,3.44,scattered clouds
177,Oksfjord,NO,2022-07-25 14:31:42,70.2396,22.3479,59.07,89,100,8.32,overcast clouds
178,Bournemouth,GB,2022-07-25 14:31:42,50.7205,-1.8795,72.88,67,75,14.97,broken clouds
179,Roma,US,2022-07-25 14:31:43,43.2128,-75.4557,76.95,88,75,10.36,broken clouds
180,Jalu,LY,2022-07-25 14:31:43,29.0331,21.5482,102.02,11,1,14.25,clear sky
181,Alyangula,AU,2022-07-25 14:32:44,-13.8483,136.4192,69.31,91,1,7.92,clear sky
182,Ust-Kut,RU,2022-07-25 14:32:44,56.7938,105.7672,62.49,100,100,2.53,moderate rain
183,Nkowakowa,ZA,2022-07-25 14:32:44,-23.8878,30.2871,66.31,43,0,6.02,clear sky
184,Bud,US,2022-07-25 14:32:45,39.447,-86.1758,78.78,80,100,6.33,overcast clouds
185,Codrington,AU,2022-07-25 14:32:45,-38.2667,141.9667,46.65,89,98,14.9,overcast clouds
186,Paamiut,GL,2022-07-25 14:32:46,61.994,-49.6678,44.29,87,4,3.49,clear sky
187,Bubaque,GW,2022-07-25 14:32:46,11.2833,-15.8333,77.43,84,100,6.08,light rain
188,Asekeyevo,RU,2022-07-25 14:32:46,53.5742,52.7972,70.27,79,38,5.46,scattered clouds
189,Jiwani,PK,2022-07-25 14:32:47,25.05,61.7417,81.19,85,100,3.42,overcast clouds
190,Araouane,ML,2022-07-25 14:32:47,18.9048,-3.5265,102.25,22,0,3.94,clear sky
191,Eureka,US,2022-07-25 14:32:04,40.8021,-124.1637,54.21,88,20,1.01,few clouds
192,Meulaboh,ID,2022-07-25 14:32:48,4.1363,96.1285,74.95,96,100,1.66,overcast clouds
193,Kainantu,PG,2022-07-25 14:32:48,-6.2887,145.8655,56.75,93,51,2.13,broken clouds
194,Haines Junction,CA,2022-07-25 14:32:48,60.7522,-137.5108,44.55,100,100,0.0,overcast clouds
195,Provideniya,RU,2022-07-25 14:32:49,64.3833,-173.3,42.17,88,97,7.85,overcast clouds
196,Hithadhoo,MV,2022-07-25 14:32:49,-0.6,73.0833,82.71,72,76,9.93,broken clouds
197,Malakal,SS,2022-07-25 14:32:50,9.5334,31.6605,88.27,59,100,1.74,overcast clouds
198,Biak,ID,2022-07-25 14:32:50,-0.9131,122.8766,75.87,83,95,5.88,overcast clouds
199,Poarta Alba,RO,2022-07-25 14:32:51,44.2167,28.4,83.37,54,0,10.36,clear sky
200,Poum,NC,2022-07-25 14:32:51,-20.2333,164.0167,72.9,77,1,18.3,clear sky
201,Hasaki,JP,2022-07-25 14:32:51,35.7333,140.8333,81.28,93,98,14.83,overcast clouds
202,Puerto Escondido,MX,2022-07-25 14:32:52,15.85,-97.0667,77.83,83,40,9.22,scattered clouds
203,Barbosa,CO,2022-07-25 14:32:52,5.9317,-73.6151,74.5,59,70,0.78,broken clouds
204,Saint-Pierre,RE,2022-07-25 14:32:53,-21.3393,55.4781,71.28,72,75,19.57,broken clouds
205,Cabo San Lucas,MX,2022-07-25 14:31:36,22.8909,-109.9124,81.52,78,100,4.0,overcast clouds
206,Geraldton,AU,2022-07-25 14:31:21,-28.7667,114.6,45.01,87,60,8.05,broken clouds
207,Gamba,GA,2022-07-25 14:32:53,-2.65,10.0,72.79,83,93,9.93,overcast clouds
208,Antalaha,MG,2022-07-25 14:32:54,-14.9003,50.2788,70.68,82,51,10.07,light rain
209,Kaniama,CD,2022-07-25 14:32:54,-7.5667,24.1833,91.15,18,49,3.56,scattered clouds
210,Fairbanks,US,2022-07-25 14:29:56,64.8378,-147.7164,57.6,72,75,0.0,broken clouds
211,Sioux Lookout,CA,2022-07-25 14:32:55,50.1001,-91.917,62.67,72,20,9.22,few clouds
212,Dhadar,IN,2022-07-25 14:32:55,28.3305,75.0632,89.31,56,98,10.49,overcast clouds
213,Ust-Maya,RU,2022-07-25 14:32:56,60.4167,134.5333,55.45,73,28,7.05,scattered clouds
214,Buchanan,LR,2022-07-25 14:32:56,5.8808,-10.0467,79.12,67,79,8.66,broken clouds
215,Sao Joao Da Barra,BR,2022-07-25 14:30:40,-21.6403,-41.0511,77.09,76,17,10.83,few clouds
216,Kumano,JP,2022-07-25 14:32:57,34.3442,132.5894,77.94,91,29,1.05,scattered clouds
217,Airai,TL,2022-07-25 14:32:57,-8.9266,125.4092,54.16,81,12,3.18,few clouds
218,Fortuna,US,2022-07-25 14:32:13,40.5982,-124.1573,53.94,69,20,4.16,few clouds
219,Talnakh,RU,2022-07-25 14:32:57,69.4865,88.3972,60.21,77,57,8.05,broken clouds
220,Chuy,UY,2022-07-25 14:32:58,-33.6971,-53.4616,61.41,92,100,7.87,overcast clouds
221,Sambava,MG,2022-07-25 14:32:58,-14.2667,50.1667,71.17,83,16,12.37,few clouds
222,Verkhoyansk,RU,2022-07-25 14:32:59,67.5447,133.385,64.0,69,40,2.75,scattered clouds
223,Boddam,GB,2022-07-25 14:32:59,57.4667,-1.7833,57.58,86,100,25.99,overcast clouds
224,Pisco,PE,2022-07-25 14:32:59,-13.7,-76.2167,59.05,94,100,2.3,mist
225,Sao Filipe,CV,2022-07-25 14:33:00,14.8961,-24.4956,77.47,89,100,7.85,light rain
226,Klaksvik,FO,2022-07-25 14:34:00,62.2266,-6.589,52.72,84,66,17.45,broken clouds
227,Manbij,SY,2022-07-25 14:34:01,36.5281,37.9549,97.72,8,0,4.47,clear sky
228,Simao,CN,2022-07-25 14:34:01,22.7886,100.9748,69.22,86,77,1.77,broken clouds
229,Lavrentiya,RU,2022-07-25 14:34:02,65.5833,-171.0,40.62,92,100,12.62,overcast clouds
230,Touros,BR,2022-07-25 14:32:47,-5.1989,-35.4608,82.44,62,59,19.66,broken clouds
231,Te Anau,NZ,2022-07-25 14:34:02,-45.4167,167.7167,38.21,93,100,2.39,overcast clouds
232,Kruisfontein,ZA,2022-07-25 14:34:02,-34.0033,24.7314,60.89,57,0,14.0,clear sky
233,Kuusamo,FI,2022-07-25 14:34:03,65.9667,29.1833,68.04,49,0,11.5,clear sky
234,Ngunguru,NZ,2022-07-25 14:34:03,-35.6167,174.5,60.62,89,18,16.78,few clouds
235,Wuxue,CN,2022-07-25 14:34:04,29.8506,115.5525,79.27,82,97,1.63,overcast clouds
236,Vila Franca Do Campo,PT,2022-07-25 14:34:04,37.7167,-25.4333,75.61,79,65,4.97,broken clouds
237,Camalu,MX,2022-07-25 14:34:05,30.85,-116.0667,68.31,82,37,4.38,scattered clouds
238,Nanortalik,GL,2022-07-25 14:34:05,60.1432,-45.2371,43.36,95,100,8.84,overcast clouds
239,Bintulu,MY,2022-07-25 14:34:06,3.1667,113.0333,77.41,94,40,3.44,scattered clouds
240,Belaya Kholunitsa,RU,2022-07-25 14:34:06,58.84,50.8528,71.69,76,97,3.4,light rain
241,Orlik,RU,2022-07-25 14:34:06,52.5178,99.825,53.02,88,100,4.94,light rain
242,Sinop,TR,2022-07-25 14:34:07,41.7711,34.8709,71.44,56,4,6.24,clear sky
243,Conroe,US,2022-07-25 14:34:07,30.3119,-95.456,87.75,78,19,5.03,few clouds
244,Zhaoqing,CN,2022-07-25 14:34:08,23.0512,112.4597,91.81,74,7,2.71,clear sky
245,Storforshei,NO,2022-07-25 14:34:08,66.4043,14.5233,64.18,72,75,0.0,broken clouds
246,Kostomuksha,RU,2022-07-25 14:34:09,64.571,30.5767,69.57,43,94,7.02,overcast clouds
247,Bandarbeyla,SO,2022-07-25 14:34:09,9.4942,50.8122,77.49,79,13,31.03,few clouds
248,Svetlaya,RU,2022-07-25 14:34:09,46.5389,138.3297,64.65,94,63,3.83,broken clouds
249,Beyneu,KZ,2022-07-25 14:34:10,45.3167,55.2,87.71,27,99,11.72,overcast clouds
250,Mahebourg,MU,2022-07-25 14:34:10,-20.4081,57.7,70.09,78,40,8.05,scattered clouds
251,Naze,JP,2022-07-25 14:31:52,28.3667,129.4833,81.52,80,21,5.3,few clouds
252,Mankono,CI,2022-07-25 14:34:11,8.0586,-6.1897,81.66,61,99,2.77,overcast clouds
253,Derzhavinsk,KZ,2022-07-25 14:34:12,51.1,66.3167,82.85,28,36,6.22,scattered clouds
254,Auki,SB,2022-07-25 14:34:13,-8.7676,160.7034,77.14,89,11,4.47,few clouds
255,Alugan,PH,2022-07-25 14:32:03,12.2188,125.4808,78.51,86,100,3.74,overcast clouds
256,Goderich,CA,2022-07-25 14:34:11,43.7501,-81.7165,66.9,59,0,12.66,clear sky
257,Canton,CN,2022-07-25 14:30:00,23.1167,113.25,94.95,50,19,10.02,few clouds
258,Vao,NC,2022-07-25 14:34:14,-22.6667,167.4833,69.87,75,9,14.23,clear sky
259,Majene,ID,2022-07-25 14:34:15,-3.5403,118.9707,77.67,82,69,10.36,broken clouds
260,Qaqortoq,GL,2022-07-25 14:34:15,60.7167,-46.0333,44.49,92,100,5.99,overcast clouds
261,Vestmanna,FO,2022-07-25 14:34:15,62.1564,-7.1664,50.92,71,75,14.97,broken clouds
262,Lompoc,US,2022-07-25 14:34:16,34.6391,-120.4579,55.6,89,100,0.0,mist
263,Saint-Georges,GD,2022-07-25 14:34:17,12.0564,-61.7485,85.68,74,20,14.97,few clouds
264,Karaton,ID,2022-07-25 14:34:17,-6.3424,106.1045,73.45,92,100,0.72,overcast clouds
265,Tuy Hoa,VN,2022-07-25 14:30:32,13.0833,109.3,79.25,88,100,2.48,overcast clouds
266,Tongren,CN,2022-07-25 14:34:18,27.7172,109.1853,81.3,74,3,3.15,clear sky
267,Marsh Harbour,BS,2022-07-25 14:34:19,26.5412,-77.0636,83.62,71,99,16.44,overcast clouds
268,Marienburg,PL,2022-07-25 14:35:19,54.0359,19.0266,88.88,37,92,9.75,overcast clouds
269,Naron,ES,2022-07-25 14:35:19,43.5167,-8.1528,76.55,68,3,5.99,clear sky
270,Marzuq,YE,2022-07-25 14:35:20,14.4,46.4667,88.83,39,100,5.55,overcast clouds
271,Aswan,EG,2022-07-25 14:35:20,24.0934,32.907,108.7,11,0,12.66,clear sky
272,Chilca,PE,2022-07-25 14:35:21,-12.5211,-76.7372,61.68,82,100,4.27,overcast clouds
273,Brae,GB,2022-07-25 14:33:23,60.3964,-1.353,51.08,82,100,25.37,overcast clouds
274,Ariyalur,IN,2022-07-25 14:35:21,11.1333,79.0833,87.42,59,95,9.86,light rain
275,Great Falls,US,2022-07-25 14:31:25,47.5002,-111.3008,73.42,45,0,14.97,clear sky
276,Bowen,AU,2022-07-25 14:32:14,-20.0167,148.2333,64.74,84,85,8.48,overcast clouds
277,Batanovci,BG,2022-07-25 14:35:22,42.5997,22.9506,86.32,18,0,7.96,clear sky
278,Port Lincoln,AU,2022-07-25 14:30:56,-34.7333,135.8667,53.1,64,59,13.87,broken clouds
279,Saldanha,ZA,2022-07-25 14:35:23,-33.0117,17.9442,73.45,53,0,7.92,clear sky
280,Denpasar,ID,2022-07-25 14:31:45,-8.65,115.2167,78.46,73,20,12.66,few clouds
281,Liverpool,GB,2022-07-25 14:33:02,53.4106,-2.9779,65.14,82,75,21.85,broken clouds
282,Ca Mau,VN,2022-07-25 14:35:23,9.1769,105.15,78.89,89,66,3.69,broken clouds
283,Inhambane,MZ,2022-07-25 14:32:09,-23.865,35.3833,71.58,56,75,11.5,broken clouds
284,Bontang,ID,2022-07-25 14:35:24,0.1333,117.5,77.59,87,41,5.37,scattered clouds
285,Leningradskiy,RU,2022-07-25 14:35:24,69.3833,178.4167,32.27,98,100,4.54,light snow
286,Mitsamiouli,KM,2022-07-25 14:35:25,-11.3847,43.2844,79.09,73,75,16.11,light rain
287,Nome,US,2022-07-25 14:35:25,64.5011,-165.4064,51.87,83,100,16.11,light rain
288,Neiafu,TO,2022-07-25 14:35:25,-18.65,-173.9833,75.88,69,20,10.36,few clouds
289,Narsaq,GL,2022-07-25 14:35:26,60.9167,-46.05,57.42,73,100,4.92,overcast clouds
290,Bengkulu,ID,2022-07-25 14:35:26,-3.8004,102.2655,74.55,90,100,9.64,moderate rain
291,Singaparna,ID,2022-07-25 14:35:27,-7.3515,108.111,65.01,93,87,0.72,overcast clouds
292,Maldonado,UY,2022-07-25 14:35:27,-34.6667,-54.9167,57.22,88,100,11.21,overcast clouds
293,Ilinskaya,RU,2022-07-25 14:35:27,45.7219,40.7211,83.03,37,71,15.35,broken clouds
294,Carauari,BR,2022-07-25 14:35:28,-4.8828,-66.8958,88.63,56,45,1.14,scattered clouds
295,Devils Lake,US,2022-07-25 14:35:03,48.1128,-98.8651,66.31,71,75,11.5,broken clouds
296,College,US,2022-07-25 14:35:28,64.8569,-147.8028,61.81,66,75,0.0,broken clouds
297,Tiksi,RU,2022-07-25 14:35:29,71.6872,128.8694,48.13,90,98,2.68,overcast clouds
298,Marrakesh,MA,2022-07-25 14:31:35,31.6315,-8.0083,111.27,15,20,3.44,few clouds
299,Tuatapere,NZ,2022-07-25 14:35:29,-46.1333,167.6833,42.28,94,100,3.09,overcast clouds
300,Padang,ID,2022-07-25 14:35:29,-0.9492,100.3543,73.45,93,98,3.38,overcast clouds
301,Kizilskoye,RU,2022-07-25 14:35:30,52.7255,58.8937,73.13,61,87,1.92,overcast clouds
302,Endicott,US,2022-07-25 14:35:30,42.0984,-76.0494,77.36,87,100,8.05,overcast clouds
303,Camacha,PT,2022-07-25 14:35:31,33.0833,-16.3333,81.82,51,0,11.5,clear sky
304,Iaciara,BR,2022-07-25 14:35:31,-14.0958,-46.6317,86.68,26,8,7.7,clear sky
305,Kitui,KE,2022-07-25 14:35:32,-1.367,38.0106,75.0,40,75,13.76,broken clouds
306,Kahului,US,2022-07-25 14:35:32,20.8947,-156.47,76.84,72,20,8.05,few clouds
307,Kuching,MY,2022-07-25 14:35:33,1.55,110.3333,75.42,100,40,2.3,moderate rain
308,Labuhan,ID,2022-07-25 14:35:33,-6.8844,112.2051,74.12,73,27,9.73,scattered clouds
309,Yoichi,JP,2022-07-25 14:35:33,43.2039,140.7703,66.72,85,4,2.3,clear sky
310,Kitangari,TZ,2022-07-25 14:35:34,-10.65,39.3333,73.54,57,86,7.27,overcast clouds
311,Rawson,AR,2022-07-25 14:30:52,-43.3002,-65.1023,45.59,77,100,16.44,overcast clouds
312,Vila Velha,BR,2022-07-25 14:31:28,-20.3297,-40.2925,75.15,83,75,4.61,broken clouds
313,Urumqi,CN,2022-07-25 14:35:34,43.801,87.6005,85.15,25,0,2.24,clear sky
314,Esso,RU,2022-07-25 14:35:35,55.9333,158.7,53.64,93,100,2.01,overcast clouds
315,Ilulissat,GL,2022-07-25 14:35:35,69.2167,-51.1,42.82,93,75,4.61,fog
316,Huaicheng,CN,2022-07-25 14:36:36,23.9051,112.1931,83.52,67,0,1.12,clear sky
317,Takab,IR,2022-07-25 14:36:36,36.4009,47.1133,80.82,21,21,9.06,few clouds
318,Kudahuvadhoo,MV,2022-07-25 14:36:36,2.6708,72.8944,81.7,75,7,10.22,clear sky
319,The Valley,AI,2022-07-25 14:36:37,18.217,-63.0578,86.83,74,20,20.71,haze
320,Ramgarh,IN,2022-07-25 14:36:37,23.6333,85.5167,77.05,86,61,8.81,broken clouds
321,Farafangana,MG,2022-07-25 14:36:38,-22.8167,47.8333,69.71,84,0,8.48,clear sky
322,Pittsburg,US,2022-07-25 14:33:23,38.028,-121.8847,61.29,81,40,15.01,scattered clouds
323,Kloulklubed,PW,2022-07-25 14:36:38,7.0419,134.2556,77.5,73,97,8.72,overcast clouds
324,Opuwo,NA,2022-07-25 14:36:38,-18.0607,13.84,82.92,17,7,1.21,clear sky
325,Balancan,MX,2022-07-25 14:36:39,17.8,-91.5333,81.09,73,51,6.35,broken clouds
326,Iranshahr,IR,2022-07-25 14:36:39,27.2025,60.6848,84.54,74,40,4.61,scattered clouds
327,Tlaltenango,MX,2022-07-25 14:36:40,19.1667,-98.3333,55.9,76,75,2.3,broken clouds
328,Tessalit,ML,2022-07-25 14:36:40,20.1986,1.0114,106.11,14,7,14.23,clear sky
329,Mahajanga,MG,2022-07-25 14:36:41,-15.7167,46.3167,86.02,37,20,8.05,few clouds
330,Gudari,IN,2022-07-25 14:36:41,19.35,83.7833,79.97,90,100,3.09,overcast clouds
331,Ukiah,US,2022-07-25 14:36:41,39.1502,-123.2078,70.97,72,0,5.75,clear sky
332,Canmore,CA,2022-07-25 14:31:57,51.0834,-115.3521,60.28,77,95,3.44,overcast clouds
333,Teahupoo,PF,2022-07-25 14:36:42,-17.8333,-149.2667,66.16,86,96,10.89,moderate rain
334,Pitmoaga,BF,2022-07-25 14:36:42,12.2397,-1.8767,89.22,44,49,6.85,scattered clouds
335,Adzope,CI,2022-07-25 14:36:42,6.1069,-3.8619,81.81,63,99,2.28,overcast clouds
336,Cabedelo,BR,2022-07-25 14:36:43,-6.9811,-34.8339,83.07,66,35,18.86,scattered clouds
337,Dikson,RU,2022-07-25 14:33:11,73.5069,80.5464,50.07,90,100,16.73,overcast clouds
338,Phuket,TH,2022-07-25 14:36:43,8.0,98.25,86.09,89,20,0.0,few clouds
339,Sola,VU,2022-07-25 14:36:44,-13.8833,167.55,79.11,80,20,10.6,few clouds
340,Rabo De Peixe,PT,2022-07-25 14:36:44,37.8,-25.5833,74.71,83,20,9.22,few clouds
341,Opunake,NZ,2022-07-25 14:36:44,-39.4556,173.8583,62.11,91,82,15.41,broken clouds
342,Knysna,ZA,2022-07-25 14:36:45,-34.0363,23.0471,62.91,56,0,9.73,clear sky
343,Ostersund,SE,2022-07-25 14:36:45,63.1792,14.6357,68.61,72,0,12.66,clear sky
344,Aquiraz,BR,2022-07-25 14:36:45,-3.9014,-38.3911,87.46,52,39,12.73,scattered clouds
345,Mnogovershinnyy,RU,2022-07-25 14:36:46,53.9353,139.9242,52.23,94,70,5.5,broken clouds
346,Englewood,US,2022-07-25 14:36:13,39.6478,-104.9878,76.03,72,40,6.91,scattered clouds
347,Sur,OM,2022-07-25 14:36:46,22.5667,59.5289,88.81,64,100,8.59,light rain
348,Cheremukhovo,RU,2022-07-25 14:36:47,60.3484,59.9851,66.63,88,46,5.32,scattered clouds
349,Mildura,AU,2022-07-25 14:36:47,-34.2,142.15,47.07,83,7,13.4,clear sky
350,Shanghai,CN,2022-07-25 14:36:47,31.2222,121.4581,86.94,87,75,8.95,broken clouds
351,San Rafael Del Sur,NI,2022-07-25 14:36:48,11.8485,-86.4384,79.77,59,81,12.46,broken clouds
352,Japura,ID,2022-07-25 14:36:48,-0.3167,102.35,74.73,96,100,1.95,light rain
353,Whitianga,NZ,2022-07-25 14:36:48,-36.8333,175.7,62.13,92,98,18.3,light rain
354,Rocha,UY,2022-07-25 14:35:27,-34.4833,-54.3333,63.46,88,100,9.4,overcast clouds
355,Sabha,LY,2022-07-25 14:36:49,27.0377,14.4283,96.91,13,0,16.8,clear sky
356,Hofn,IS,2022-07-25 14:36:49,64.2539,-15.2082,50.02,81,100,4.61,overcast clouds
357,Moranbah,AU,2022-07-25 14:36:50,-22.0016,148.0466,58.41,89,0,6.82,clear sky
358,Iskateley,RU,2022-07-25 14:36:50,67.6803,53.1512,47.8,90,100,18.81,light rain
359,Kodiak,US,2022-07-25 14:36:51,57.79,-152.4072,58.51,82,0,11.5,clear sky
360,Olafsvik,IS,2022-07-25 14:36:51,64.8945,-23.7142,52.56,67,100,4.76,overcast clouds
361,Alekseyevka,RU,2022-07-25 14:36:52,50.6309,38.6903,76.14,62,88,9.91,light rain
362,Vredendal,ZA,2022-07-25 14:37:52,-31.6683,18.5012,76.24,19,0,17.0,clear sky
363,Vanimo,PG,2022-07-25 14:37:53,-2.6741,141.3028,78.03,90,51,5.48,broken clouds
364,Launceston,AU,2022-07-25 14:37:53,-41.45,147.1667,54.16,89,75,2.3,broken clouds
365,Kimparana,ML,2022-07-25 14:37:54,12.8347,-4.9244,91.06,43,64,9.62,broken clouds
366,Harrisonburg,US,2022-07-25 14:37:54,38.4496,-78.8689,87.21,66,0,8.05,clear sky
367,Lagoa,PT,2022-07-25 14:37:54,39.05,-27.9833,74.53,84,5,7.58,clear sky
368,Coquimbo,CL,2022-07-25 14:36:50,-29.9533,-71.3436,53.33,82,100,2.3,overcast clouds
369,Erzin,TR,2022-07-25 14:37:55,36.9559,36.2,88.86,28,0,10.54,clear sky
370,Baherden,TM,2022-07-25 14:37:56,38.4362,57.4316,95.09,32,59,16.28,broken clouds
371,Turka,UA,2022-07-25 14:37:56,49.1541,23.0297,77.79,36,45,4.47,scattered clouds
372,Mount Gambier,AU,2022-07-25 14:37:56,-37.8333,140.7667,45.88,88,97,12.5,light rain
373,Kirakira,SB,2022-07-25 14:37:57,-10.4544,161.9205,79.77,82,33,8.3,scattered clouds
374,Ternate,ID,2022-07-25 14:37:57,0.8,127.4,80.22,80,80,3.09,broken clouds
375,Louisville,US,2022-07-25 14:33:12,38.2542,-85.7594,82.06,82,100,7.0,overcast clouds
376,Banda Aceh,ID,2022-07-25 14:37:58,5.5577,95.3222,76.8,88,100,10.25,light rain
377,Dicabisagan,PH,2022-07-25 14:37:58,17.0818,122.4157,80.44,87,98,2.19,overcast clouds
378,Petropavlovsk-Kamchatskiy,RU,2022-07-25 14:37:59,53.0452,158.6483,52.39,94,75,4.47,broken clouds
379,Springdale,US,2022-07-25 14:36:31,36.1867,-94.1288,89.71,58,0,4.61,clear sky
380,Constitucion,CL,2022-07-25 14:37:59,-35.3333,-72.4167,54.63,81,100,21.54,overcast clouds
381,Wufeng,CN,2022-07-25 14:38:00,27.45,104.8333,63.82,89,21,5.39,moderate rain
382,Grand-Lahou,CI,2022-07-25 14:38:00,5.1367,-5.0242,78.49,71,73,7.7,broken clouds
383,Nyuzen,JP,2022-07-25 14:38:00,36.9333,137.5,79.47,88,60,3.8,broken clouds
384,Tiarei,PF,2022-07-25 14:38:01,-17.5333,-149.3333,71.62,87,94,13.4,moderate rain
385,General Bravo,MX,2022-07-25 14:38:01,25.8,-99.1667,86.13,52,99,14.38,overcast clouds
386,Phek,IN,2022-07-25 14:38:02,25.6667,94.5,60.48,99,91,0.43,overcast clouds
387,Kuah,MY,2022-07-25 14:38:02,6.3265,99.8432,78.78,94,40,1.14,moderate rain
388,Deogarh,IN,2022-07-25 14:38:02,21.5333,84.7333,78.98,91,100,4.54,overcast clouds
389,Nikolskoye,RU,2022-07-25 14:38:03,59.7035,30.7861,75.09,65,94,5.68,overcast clouds
390,San Francisco,US,2022-07-25 14:35:14,37.7749,-122.4194,60.15,93,75,10.36,broken clouds
391,Severo-Kurilsk,RU,2022-07-25 14:38:03,50.6789,156.125,49.93,93,100,10.83,overcast clouds
392,Porto Novo,BJ,2022-07-25 14:38:04,6.4965,2.6036,82.22,66,98,11.74,overcast clouds
393,Seymchan,RU,2022-07-25 14:38:04,62.8833,152.4333,54.36,63,52,2.46,broken clouds
394,Coihaique,CL,2022-07-25 14:33:55,-45.5752,-72.0662,31.95,86,100,5.75,overcast clouds
395,Thinadhoo,MV,2022-07-25 14:38:05,0.5333,72.9333,82.62,72,100,11.88,overcast clouds
396,Kununurra,AU,2022-07-25 14:38:05,-15.7667,128.7333,58.98,72,2,0.0,clear sky
397,Gat,IL,2022-07-25 14:38:06,31.61,34.7642,92.39,40,0,12.39,clear sky
398,Sensenti,HN,2022-07-25 14:38:06,14.4833,-88.9333,73.98,83,97,4.74,overcast clouds
399,Vostok,RU,2022-07-25 14:38:07,46.4856,135.8833,59.94,97,15,2.86,few clouds
400,Ugoofaaru,MV,2022-07-25 14:38:08,5.6667,73.0,81.97,78,80,15.57,broken clouds
401,High Level,CA,2022-07-25 14:38:08,58.5169,-117.136,57.31,88,75,0.0,broken clouds
402,Bethel,US,2022-07-25 14:38:09,41.3712,-73.414,85.35,79,0,11.5,clear sky
403,Marolambo,MG,2022-07-25 14:38:09,-20.05,48.1167,62.13,98,47,1.16,scattered clouds
404,Dong Xoai,VN,2022-07-25 14:37:43,11.5333,106.9167,75.6,96,91,4.7,overcast clouds
405,Rio Grande,BR,2022-07-25 14:37:03,-32.035,-52.0986,62.71,97,100,8.1,moderate rain
406,Ulladulla,AU,2022-07-25 14:38:10,-35.35,150.4667,54.93,75,98,5.99,overcast clouds
407,Cavalcante,BR,2022-07-25 14:39:10,-13.7975,-47.4583,81.75,34,0,10.07,clear sky
408,Khatanga,RU,2022-07-25 14:39:11,71.9667,102.5,69.66,70,100,4.52,overcast clouds
409,Quatre Cocos,MU,2022-07-25 14:39:11,-20.2078,57.7625,69.91,74,46,12.15,scattered clouds
410,Ambilobe,MG,2022-07-25 14:39:11,-13.2,49.05,74.68,63,93,4.12,overcast clouds
411,Cape Canaveral,US,2022-07-25 14:39:12,28.4058,-80.6048,88.07,73,40,9.22,scattered clouds
412,Biryusinsk,RU,2022-07-25 14:39:12,55.9634,97.8235,56.41,89,100,5.53,light rain
413,Balkhash,KZ,2022-07-25 14:39:13,46.844,74.9804,78.58,30,0,2.48,clear sky
414,Xiuyan,CN,2022-07-25 14:39:13,40.2928,123.2744,70.95,97,13,3.06,few clouds
415,Kaka,TM,2022-07-25 14:39:13,37.3482,59.6143,98.96,20,0,9.4,clear sky
416,Namatanai,PG,2022-07-25 14:39:14,-3.6667,152.4333,78.87,84,61,10.22,light rain
417,Azare,NG,2022-07-25 14:39:14,11.6765,10.1948,94.98,39,95,10.78,overcast clouds
418,Boralday,KZ,2022-07-25 14:39:15,43.3578,76.8594,87.66,22,20,8.95,few clouds
419,Biarritz,FR,2022-07-25 14:39:15,43.4801,-1.5556,77.22,69,75,14.97,broken clouds
420,Sovetskoye,RU,2022-07-25 14:39:15,52.2861,85.4131,57.85,78,47,3.65,scattered clouds
421,Nantucket,US,2022-07-25 14:39:16,41.2835,-70.0995,80.74,86,75,19.57,haze
422,Norsup,VU,2022-07-25 14:39:16,-16.0667,167.3833,77.63,84,1,3.22,clear sky
423,Shaghat,AM,2022-07-25 14:39:17,39.5625,45.9143,65.75,68,33,5.91,scattered clouds
424,Avera,US,2022-07-25 14:39:17,33.194,-82.5271,82.54,58,78,7.07,broken clouds
425,Atar,MR,2022-07-25 14:39:18,20.5169,-13.0499,105.35,20,0,21.12,clear sky
426,Tevriz,RU,2022-07-25 14:39:18,57.509,72.4042,65.86,93,56,3.6,light rain
427,Byron Bay,AU,2022-07-25 14:34:59,-28.65,153.6167,53.94,88,7,7.05,clear sky
428,Thunder Bay,CA,2022-07-25 14:36:59,48.4001,-89.3168,66.18,68,20,9.22,few clouds
429,Banjarmasin,ID,2022-07-25 14:39:19,-3.3244,114.591,75.34,87,86,3.11,overcast clouds
430,Genhe,CN,2022-07-25 14:39:19,50.7833,121.5167,59.4,89,41,3.67,scattered clouds
431,Sao Felix Do Xingu,BR,2022-07-25 14:39:19,-6.6447,-51.995,93.79,26,41,5.32,scattered clouds
432,Saiha,IN,2022-07-25 14:39:20,22.4833,92.9667,70.99,99,100,1.59,light rain
433,Vardo,NO,2022-07-25 14:39:20,70.3705,31.1107,55.38,76,40,11.5,scattered clouds
434,Kattivakkam,IN,2022-07-25 14:39:21,13.2167,80.3167,87.89,82,100,8.63,overcast clouds
435,Port Hardy,CA,2022-07-25 14:39:21,50.6996,-127.4199,59.18,94,40,4.61,scattered clouds
436,Popondetta,PG,2022-07-25 14:39:22,-8.7537,148.2534,72.9,97,66,3.29,broken clouds
437,Toamasina,MG,2022-07-25 14:39:22,-18.1667,49.3833,73.4,78,75,4.61,broken clouds
438,Kavaratti,IN,2022-07-25 14:39:23,10.5669,72.642,81.36,82,31,17.13,scattered clouds
439,Coolum Beach,AU,2022-07-25 14:39:23,-26.5333,153.1,55.11,97,9,4.68,clear sky
440,Medea,DZ,2022-07-25 14:39:23,36.2642,2.7539,94.71,16,1,12.8,clear sky
441,Udala,ES,2022-07-25 14:39:24,43.0778,-2.5125,76.05,54,30,9.95,scattered clouds
442,Shizunai,JP,2022-07-25 14:39:24,42.3339,142.3669,66.34,91,0,1.34,clear sky
443,Sfantu Gheorghe,RO,2022-07-25 14:39:25,45.8667,25.7833,88.86,32,23,7.63,few clouds
444,Altamont,US,2022-07-25 14:39:25,42.2068,-121.7372,70.79,42,0,4.61,clear sky
445,Gouyave,GD,2022-07-25 14:39:25,12.1646,-61.7296,84.97,74,20,14.97,few clouds
446,Walla Walla,US,2022-07-25 14:39:26,46.0646,-118.343,80.04,41,0,0.0,clear sky
447,Wasilla,US,2022-07-25 14:39:26,61.5814,-149.4394,59.74,89,100,3.0,light rain
448,Luderitz,NA,2022-07-25 14:39:26,-26.6481,15.1594,63.32,64,2,11.36,clear sky
449,Verkhnevilyuysk,RU,2022-07-25 14:39:27,63.4453,120.3167,68.31,83,57,5.01,broken clouds
450,Micheweni,TZ,2022-07-25 14:39:27,-4.9667,39.8333,76.53,72,6,12.5,clear sky
451,Port Moresby,PG,2022-07-25 14:39:28,-9.4431,147.1797,76.42,94,75,17.27,broken clouds
452,Srednekolymsk,RU,2022-07-25 14:39:28,67.45,153.6833,43.93,74,89,10.98,overcast clouds
453,Kupang,ID,2022-07-25 14:39:28,-10.1667,123.5833,73.83,70,21,13.49,few clouds
454,Namibe,AO,2022-07-25 14:40:29,-15.1961,12.1522,67.41,77,23,8.97,few clouds
455,Datong,CN,2022-07-25 14:40:29,40.0936,113.2914,67.89,67,76,3.49,broken clouds
456,Kasempa,ZM,2022-07-25 14:40:30,-13.4584,25.8338,78.12,20,0,8.7,clear sky
457,Numan,NG,2022-07-25 14:40:30,9.4667,12.0333,92.5,46,78,8.97,broken clouds
458,Somvarpet,IN,2022-07-25 14:40:31,12.6,75.8667,66.61,94,95,5.44,overcast clouds
459,Damaturu,NG,2022-07-25 14:40:31,11.747,11.9608,94.17,41,76,9.35,broken clouds
460,Zhigansk,RU,2022-07-25 14:40:32,66.7697,123.3711,58.66,73,5,3.18,clear sky
461,Makakilo City,US,2022-07-25 14:39:10,21.3469,-158.0858,75.52,70,0,8.05,clear sky
462,Tyssedal,NO,2022-07-25 14:40:32,60.1165,6.562,61.88,95,97,7.74,overcast clouds
463,Kalmunai,LK,2022-07-25 14:40:33,7.4167,81.8167,80.51,80,95,4.43,overcast clouds
464,Pevek,RU,2022-07-25 14:40:33,69.7008,170.3133,34.54,89,87,7.7,overcast clouds
465,Winslow,US,2022-07-25 14:40:34,35.0242,-110.6974,69.98,78,40,6.91,scattered clouds
466,Pontianak,ID,2022-07-25 14:40:34,-0.0333,109.3333,76.98,94,75,2.3,broken clouds
467,Medicine Hat,CA,2022-07-25 14:40:35,50.0501,-110.6683,61.23,82,100,13.8,overcast clouds
468,Bonham,US,2022-07-25 14:36:05,33.5773,-96.1783,91.83,51,0,11.5,clear sky
469,Kindu,CD,2022-07-25 14:40:36,-2.95,25.95,93.61,30,37,1.92,scattered clouds
470,Mporokoso,ZM,2022-07-25 14:40:37,-9.3727,30.125,74.34,35,83,8.86,broken clouds
471,Borujerd,IR,2022-07-25 14:40:37,33.8973,48.7516,93.29,6,0,4.61,clear sky
472,Indianola,US,2022-07-25 14:40:37,41.3581,-93.5574,71.04,71,100,3.51,overcast clouds
473,Najran,SA,2022-07-25 14:38:16,17.4924,44.1277,88.45,42,100,15.55,overcast clouds
474,Kieta,PG,2022-07-25 14:40:38,-6.2167,155.6333,78.31,85,42,5.23,light rain
475,Irbil,IQ,2022-07-25 14:37:24,36.1926,44.0106,103.82,7,0,11.5,clear sky
476,Ust-Kuyga,RU,2022-07-25 14:38:06,70.0167,135.6,67.01,63,97,3.74,overcast clouds
477,Poso,ID,2022-07-25 14:40:39,-1.3959,120.7524,75.49,82,69,5.28,broken clouds
478,Morehead,US,2022-07-25 14:38:58,37.2711,-87.1764,79.0,97,40,0.0,scattered clouds
479,Sorong,ID,2022-07-25 14:40:40,-0.8833,131.25,78.01,87,22,5.17,light rain
480,Bilibino,RU,2022-07-25 14:40:40,68.0546,166.4372,41.47,85,80,7.56,broken clouds
481,Harper,LR,2022-07-25 14:40:41,4.375,-7.7169,77.29,68,100,4.97,overcast clouds
482,Verkhnyaya Inta,RU,2022-07-25 14:40:41,65.9811,60.3094,52.95,80,100,15.39,light rain
483,Muros,ES,2022-07-25 14:40:42,42.7762,-9.0603,80.1,74,31,14.61,scattered clouds
484,Banjar,ID,2022-07-25 14:40:43,-8.19,114.9675,72.39,88,88,5.66,overcast clouds
485,Tazovskiy,RU,2022-07-25 14:40:43,67.4667,78.7,48.56,90,100,11.77,overcast clouds
486,Maple Creek,CA,2022-07-25 14:40:43,49.9168,-109.4848,63.01,82,100,6.91,overcast clouds
487,Kibre Mengist,ET,2022-07-25 14:40:44,5.8833,38.9833,69.04,60,94,3.15,overcast clouds
488,Meadow Lake,US,2022-07-25 14:40:44,34.8014,-106.5436,79.48,56,20,3.67,few clouds
489,Sao Gabriel Da Cachoeira,BR,2022-07-25 14:40:45,-0.1303,-67.0892,78.6,83,75,5.75,broken clouds
490,Kuruman,ZA,2022-07-25 14:40:45,-27.4524,23.4325,68.99,22,0,7.07,clear sky
491,Carinhanha,BR,2022-07-25 14:40:45,-14.3047,-43.765,83.39,26,96,9.37,overcast clouds
492,Svarstad,NO,2022-07-25 14:40:46,59.399,9.9698,68.7,58,100,3.0,overcast clouds
493,Natal,BR,2022-07-25 14:40:39,-5.795,-35.2094,84.42,61,75,14.97,broken clouds
494,Mandal,IN,2022-07-25 14:40:46,25.45,74.5667,75.45,95,100,7.67,moderate rain
495,Carbonia,IT,2022-07-25 14:40:47,39.1672,8.5222,101.35,26,0,13.06,clear sky
496,Omsukchan,RU,2022-07-25 14:40:47,62.5333,155.8,55.96,58,100,3.44,overcast clouds
497,Half Moon Bay,US,2022-07-25 14:40:48,37.4636,-122.4286,60.98,87,100,9.22,mist
498,Keetmanshoop,NA,2022-07-25 14:40:48,-26.5833,18.1333,79.7,18,1,12.48,clear sky
499,Sokolka,PL,2022-07-25 14:41:48,53.4072,23.5023,72.84,52,11,2.75,few clouds
500,Victoria,HK,2022-07-25 14:40:22,22.2855,114.1577,88.95,79,7,1.99,clear sky
501,San Borja,BO,2022-07-25 14:41:49,-14.8167,-66.85,79.57,74,97,1.25,overcast clouds
502,Cabra,ES,2022-07-25 14:41:49,37.4725,-4.4421,105.69,10,53,13.27,broken clouds
503,Alta Floresta,BR,2022-07-25 14:41:50,-9.8756,-56.0861,93.02,33,0,11.5,clear sky
504,Terrace,CA,2022-07-25 14:41:37,54.5163,-128.6035,60.71,100,100,2.3,mist
505,Chimbarongo,CL,2022-07-25 14:41:50,-34.7,-71.05,49.08,86,100,3.69,overcast clouds
506,Lasa,IT,2022-07-25 14:41:51,46.6166,10.7002,91.69,66,51,4.79,broken clouds
507,Cayenne,GF,2022-07-25 14:40:46,4.9333,-52.3333,89.64,26,75,6.91,broken clouds
508,Iquitos,PE,2022-07-25 14:41:51,-3.7481,-73.2472,80.64,83,75,5.75,broken clouds
509,Trat,TH,2022-07-25 14:41:51,12.5,102.5,85.87,90,100,1.36,overcast clouds
510,Mangaluru,IN,2022-07-25 14:41:52,12.8667,74.8833,79.66,83,75,4.61,broken clouds
511,Arlit,NE,2022-07-25 14:41:52,18.7369,7.3853,108.66,9,8,5.3,clear sky
512,Ola,RU,2022-07-25 14:41:53,59.5833,151.2833,50.54,88,27,1.45,scattered clouds
513,Kendari,ID,2022-07-25 14:41:53,-3.945,122.4989,74.48,93,82,3.02,broken clouds
514,Fayaoue,NC,2022-07-25 14:41:53,-20.65,166.5333,74.39,80,55,15.52,broken clouds
515,Filadelfia,US,2022-07-25 14:40:24,39.9523,-75.1638,90.7,66,75,16.11,broken clouds
516,Manyana,BW,2022-07-25 14:41:54,-23.4,21.7167,76.44,20,54,9.31,broken clouds
517,Bairiki,KI,2022-07-25 14:41:54,1.3292,172.9752,80.6,78,20,13.8,few clouds
518,Bone,DE,2022-07-25 14:41:55,51.9669,12.1396,95.25,41,85,12.62,overcast clouds
519,Zyryanka,RU,2022-07-25 14:41:55,65.75,150.85,56.77,53,41,7.61,scattered clouds
520,Ranong,TH,2022-07-25 14:40:14,9.9658,98.6348,79.36,85,42,3.58,scattered clouds
521,Camocim,BR,2022-07-25 14:41:55,-2.9022,-40.8411,90.12,44,91,10.16,overcast clouds
522,Alice Springs,AU,2022-07-25 14:41:56,-23.7,133.8833,49.55,66,0,0.0,clear sky
523,Riyadh,SA,2022-07-25 14:41:56,24.6877,46.7219,109.54,10,48,11.41,scattered clouds
524,Porterville,US,2022-07-25 14:41:57,36.0652,-119.0168,72.72,37,0,6.91,clear sky
525,Merauke,ID,2022-07-25 14:41:57,-8.4667,140.3333,75.49,83,67,13.91,broken clouds
526,Garmsar,IR,2022-07-25 14:41:58,35.2182,52.3409,98.83,20,0,13.44,clear sky
527,Ampanihy,MG,2022-07-25 14:41:58,-24.7,44.75,69.08,64,44,9.51,scattered clouds
528,Kautokeino,NO,2022-07-25 14:41:58,69.0125,23.0412,50.99,97,100,5.91,overcast clouds
529,Hurghada,EG,2022-07-25 14:41:59,27.2574,33.8129,102.24,14,0,3.44,clear sky
530,Daru,PG,2022-07-25 14:41:59,-9.0763,143.2092,76.14,84,100,16.4,overcast clouds
531,Chiredzi,ZW,2022-07-25 14:42:00,-21.05,31.6667,65.88,63,92,7.02,overcast clouds
532,Saint-Francois,FR,2022-07-25 14:42:00,46.4154,3.9054,85.44,39,0,14.97,clear sky
533,Payo,ID,2022-07-25 14:42:01,-3.7508,103.6372,73.94,98,100,2.46,light rain
534,Monroe,US,2022-07-25 14:42:01,43.1501,-77.6831,75.85,72,75,9.22,broken clouds
535,Havre,FR,2022-07-25 14:42:01,49.5833,0.3333,81.19,88,100,20.71,overcast clouds
536,Jamame,SO,2022-07-25 14:42:02,0.0722,42.7506,76.51,74,95,14.63,overcast clouds
537,Castanos,MX,2022-07-25 14:42:02,26.7833,-101.4167,80.35,61,66,3.42,broken clouds
538,Dargaville,NZ,2022-07-25 14:42:03,-35.9333,173.8833,60.24,85,56,10.07,broken clouds
539,Nikel,RU,2022-07-25 14:42:03,69.4128,30.222,64.58,54,69,8.28,broken clouds
540,Yashkino,RU,2022-07-25 14:42:03,55.8736,85.4265,53.15,95,92,2.73,overcast clouds
541,Bolshaya Martynovka,RU,2022-07-25 14:42:04,47.271,41.6679,79.45,40,99,10.11,overcast clouds
542,Yerbogachen,RU,2022-07-25 14:42:04,61.2767,108.0108,67.89,80,100,5.17,light rain
543,Manturovo,RU,2022-07-25 14:42:05,58.3353,44.7619,80.65,54,23,0.6,few clouds
544,Fiumicino,IT,2022-07-25 14:42:05,41.7675,12.2291,99.34,57,0,16.11,clear sky
545,Kadirli,TR,2022-07-25 14:42:05,37.3739,36.0961,98.2,15,0,7.92,clear sky
546,Killybegs,IE,2022-07-25 14:42:06,54.6333,-8.45,60.51,76,95,18.97,overcast clouds
547,Taksimo,RU,2022-07-25 14:42:06,56.3444,114.8794,66.72,75,57,3.78,broken clouds
548,Paka,MY,2022-07-25 14:42:07,4.6374,103.4368,80.53,89,58,0.0,broken clouds
549,Tupsan,PH,2022-07-25 14:43:07,9.1992,124.7769,81.32,81,100,5.55,overcast clouds
550,Mwinilunga,ZM,2022-07-25 14:43:07,-11.7358,24.4293,78.58,21,8,7.54,clear sky
551,Comodoro Rivadavia,AR,2022-07-25 14:42:19,-45.8667,-67.5,40.86,81,75,3.44,broken clouds
552,Northam,GB,2022-07-25 14:39:54,51.0333,-4.2167,66.38,71,32,19.13,scattered clouds
553,Emba,KZ,2022-07-25 14:43:08,48.8264,58.1442,85.26,29,99,7.58,light rain
554,Sangar,RU,2022-07-25 14:43:09,63.9242,127.4739,64.87,68,40,3.78,scattered clouds
555,Lima,PE,2022-07-25 14:40:15,-12.0432,-77.0282,61.9,84,100,6.91,overcast clouds
556,Broome,US,2022-07-25 14:43:09,42.2506,-75.833,78.01,85,100,10.0,overcast clouds
557,Nouadhibou,MR,2022-07-25 14:43:09,20.931,-17.0347,82.38,65,5,23.02,sand
558,Sabancuy,MX,2022-07-25 14:43:10,18.9667,-91.1833,83.57,64,32,5.68,scattered clouds
559,Upington,ZA,2022-07-25 14:43:10,-28.4478,21.2561,75.58,15,0,8.05,clear sky
560,Zalantun,CN,2022-07-25 14:43:11,48.0,122.7167,66.11,91,33,2.3,scattered clouds
561,Phan Thiet,VN,2022-07-25 14:39:56,10.9333,108.1,78.94,89,86,4.68,overcast clouds
562,Alofi,NU,2022-07-25 14:43:11,-19.0595,-169.9187,67.89,77,40,4.61,scattered clouds
563,Ronneby,SE,2022-07-25 14:43:12,56.21,15.276,79.3,50,0,16.11,clear sky
564,Aktyubinskiy,RU,2022-07-25 14:43:12,54.8137,52.8056,69.42,80,63,1.86,moderate rain
565,Khazar,RU,2022-07-25 14:43:12,41.9974,48.3332,79.48,49,36,9.71,scattered clouds
566,San Angelo,US,2022-07-25 14:40:51,31.4638,-100.437,86.95,51,0,11.5,clear sky
567,Kristiinankaupunki,FI,2022-07-25 14:43:13,62.2743,21.376,65.93,76,97,15.59,overcast clouds
568,Roseland,US,2022-07-25 14:43:13,38.4221,-122.728,65.48,79,100,1.01,overcast clouds
569,Sorland,NO,2022-07-25 14:41:39,67.667,12.6934,55.26,100,100,11.5,light intensity drizzle
570,Taltal,CL,2022-07-25 14:43:14,-25.4,-70.4833,60.49,71,0,7.52,clear sky
571,Manokwari,ID,2022-07-25 14:43:14,-0.8667,134.0833,78.28,82,78,1.45,broken clouds
572,Palmer,US,2022-07-25 14:43:15,42.1584,-72.3287,84.65,75,75,13.8,broken clouds
573,Hami,CN,2022-07-25 14:39:11,42.8,93.45,87.35,15,86,12.01,overcast clouds
574,La Sarre,CA,2022-07-25 14:43:15,48.8002,-79.1996,54.68,87,92,13.18,overcast clouds
575,Freeport,US,2022-07-25 14:43:15,40.6576,-73.5832,87.98,62,20,11.5,few clouds
576,Villefontaine,FR,2022-07-25 14:43:16,45.6125,5.1456,93.96,31,0,12.66,clear sky
577,Mazyr,BY,2022-07-25 14:43:16,52.0495,29.2456,71.04,57,68,8.68,broken clouds
578,Hanting,CN,2022-07-25 14:43:17,36.7708,119.2108,73.27,81,0,9.89,clear sky
579,Racovita,RO,2022-07-25 14:43:17,45.6983,21.6358,92.8,16,2,8.23,clear sky
580,Yaan,NG,2022-07-25 14:43:17,7.3833,8.5667,79.48,81,100,7.76,light rain
581,Komsomolets,KZ,2022-07-25 14:43:18,53.7453,62.0708,76.93,56,46,5.59,scattered clouds
582,Tura,IN,2022-07-25 14:43:18,25.5198,90.2201,73.53,97,51,3.31,broken clouds
583,Nchelenge,ZM,2022-07-25 14:43:19,-9.3451,28.734,79.14,45,9,7.05,clear sky
584,Lixourion,GR,2022-07-25 14:43:19,38.2019,20.4314,86.0,74,0,11.5,clear sky
585,Aloleng,PH,2022-07-25 14:43:19,16.1307,119.7824,81.9,83,100,3.74,light rain
586,Arrifes,PT,2022-07-25 14:43:20,37.7667,-25.7,73.65,83,40,9.22,scattered clouds
587,Mvuma,ZW,2022-07-25 14:43:20,-19.2792,30.5283,66.02,36,7,9.22,clear sky
588,Fort Abbas,PK,2022-07-25 14:43:21,29.1925,72.8536,93.22,54,100,5.66,overcast clouds
589,Misratah,LY,2022-07-25 14:43:21,32.3754,15.0925,86.74,50,0,14.65,clear sky
590,Antofagasta,CL,2022-07-25 14:43:21,-23.65,-70.4,56.48,63,1,6.13,clear sky
591,Kampong Thum,KH,2022-07-25 14:43:22,12.7111,104.8887,80.85,79,26,1.45,scattered clouds
592,Boa Vista,BR,2022-07-25 14:40:30,2.8197,-60.6733,82.38,78,75,3.44,broken clouds
593,Mugur-Aksy,RU,2022-07-25 14:43:22,50.35,90.5,46.65,73,75,4.99,broken clouds
594,Bayshore Gardens,US,2022-07-25 14:43:23,27.4253,-82.5904,89.19,61,0,11.5,clear sky
595,Wanning,CN,2022-07-25 14:43:23,18.8003,110.3967,80.98,83,8,5.7,clear sky
596,Natchitoches,US,2022-07-25 14:43:24,31.7668,-93.1335,86.85,74,40,4.61,scattered clouds
597,Korla,CN,2022-07-25 14:43:24,41.7597,86.1469,91.24,16,100,8.66,overcast clouds
598,Orikum,AL,2022-07-25 14:44:24,40.3253,19.4714,87.22,51,0,12.35,clear sky
599,Bagdarin,RU,2022-07-25 14:44:25,54.4333,113.6,56.34,98,92,2.15,overcast clouds
600,Matlock,GB,2022-07-25 14:44:25,53.1384,-1.5556,72.61,70,41,19.82,scattered clouds
601,Puerto Leguizamo,CO,2022-07-25 14:44:25,-0.1934,-74.7819,82.96,63,89,3.78,overcast clouds
602,Shemgang,BT,2022-07-25 14:44:26,27.2169,90.6579,62.87,98,100,1.43,overcast clouds
603,Murupara,NZ,2022-07-25 14:44:26,-38.4667,176.7,54.12,98,100,9.06,overcast clouds
604,Yumen,CN,2022-07-25 14:44:27,40.2833,97.2,79.32,32,76,1.3,broken clouds
605,Boyuibe,BO,2022-07-25 14:44:27,-20.4167,-63.2833,82.67,44,3,6.89,clear sky
606,Sinnamary,GF,2022-07-25 14:44:28,5.3833,-52.95,85.44,67,71,8.03,broken clouds
607,Nabire,ID,2022-07-25 14:44:28,-3.3667,135.4833,76.41,93,100,4.92,overcast clouds
608,Norilsk,RU,2022-07-25 14:44:28,69.3535,88.2027,60.42,79,55,8.79,broken clouds
609,Ankang,CN,2022-07-25 14:44:29,32.68,109.0172,82.98,76,0,1.41,clear sky
610,Humboldt,US,2022-07-25 14:44:29,40.6665,-123.9178,45.14,48,1,0.6,clear sky
611,Koumac,NC,2022-07-25 14:44:30,-20.5667,164.2833,69.62,84,7,11.34,clear sky
612,Hokitika,NZ,2022-07-25 14:44:30,-42.7167,170.9667,46.58,85,100,7.43,overcast clouds
613,Inta,RU,2022-07-25 14:44:30,66.0317,60.1659,53.67,78,100,16.42,light rain
614,Indapur,IN,2022-07-25 14:44:31,18.3,73.25,77.74,88,99,3.15,overcast clouds
615,Tondano,ID,2022-07-25 14:44:31,1.3038,124.9112,71.69,95,68,3.53,broken clouds
616,Vadso,NO,2022-07-25 14:44:32,70.0744,29.7487,65.28,63,0,12.66,clear sky
617,Aksarka,RU,2022-07-25 14:44:32,66.5606,67.7975,55.71,68,96,18.03,overcast clouds
618,Abnub,EG,2022-07-25 14:44:32,27.2696,31.1511,100.62,10,0,13.35,clear sky
619,Bac Giang,VN,2022-07-25 14:43:06,21.2667,106.2,87.87,81,0,6.78,clear sky
620,Balkanabat,TM,2022-07-25 14:44:33,39.5108,54.3671,86.76,48,82,8.99,broken clouds
621,Aberdeen,GB,2022-07-25 14:43:49,57.1437,-2.0981,58.19,81,75,20.71,broken clouds
622,Perigueux,FR,2022-07-25 14:44:34,45.1833,0.7167,84.76,48,22,1.99,few clouds
623,Yekaterinoslavka,RU,2022-07-25 14:44:34,50.3734,129.1139,66.38,84,1,2.98,clear sky
624,Ballitoville,ZA,2022-07-25 14:44:34,-29.539,31.2144,66.34,45,20,13.8,few clouds
625,Novoshcherbinovskaya,RU,2022-07-25 14:44:35,46.4767,38.6476,82.63,39,100,14.43,overcast clouds
626,Quchan,IR,2022-07-25 14:44:35,37.106,58.5095,83.59,33,0,14.94,clear sky
627,Kulhudhuffushi,MV,2022-07-25 14:44:36,6.6221,73.07,81.82,78,73,14.72,broken clouds
628,Sakaiminato,JP,2022-07-25 14:44:36,35.55,133.2333,78.78,89,75,2.3,broken clouds
629,Asyut,EG,2022-07-25 14:44:37,27.181,31.1837,100.58,10,0,13.62,clear sky
630,Chumikan,RU,2022-07-25 14:44:37,54.7183,135.315,53.83,94,100,8.7,overcast clouds
631,Ekibastuz,KZ,2022-07-25 14:44:37,51.6667,75.3667,77.72,32,3,7.25,clear sky
632,Alexandria,EG,2022-07-25 14:40:21,31.2156,29.9553,88.34,58,0,10.36,clear sky
633,Nouakchott,MR,2022-07-25 14:44:38,18.0858,-15.9785,87.73,69,1,12.77,clear sky
634,Kyaukse,MM,2022-07-25 14:44:38,21.6,96.1333,88.95,56,87,4.56,overcast clouds
635,Wilson,US,2022-07-25 14:44:39,36.1501,-86.2833,82.51,88,0,8.05,clear sky
636,Waipawa,NZ,2022-07-25 14:44:39,-41.4122,175.5153,49.51,94,100,18.14,overcast clouds
637,Tual,ID,2022-07-25 14:44:40,-5.6667,132.75,79.84,85,89,22.57,overcast clouds
638,Alanya,TR,2022-07-25 14:44:40,36.5438,31.9998,89.73,42,0,3.85,clear sky
639,Peniche,PT,2022-07-25 14:44:40,39.3558,-9.3811,85.28,71,3,16.4,clear sky
640,Ancona,IT,2022-07-25 14:43:54,43.55,13.1667,106.84,48,0,10.36,clear sky
641,Itarema,BR,2022-07-25 14:44:41,-2.9248,-39.9167,88.54,44,58,13.49,broken clouds
642,Harij,IN,2022-07-25 14:44:41,23.7,71.9,83.19,79,97,11.83,overcast clouds
643,Balykshi,KZ,2022-07-25 14:45:42,47.0667,51.8667,77.0,65,75,15.66,light intensity shower rain
644,Amga,RU,2022-07-25 14:45:42,60.8953,131.9608,64.38,61,88,7.61,overcast clouds
645,Taoudenni,ML,2022-07-25 14:45:42,22.6783,-3.9836,111.36,10,31,8.32,scattered clouds
646,Mangan,IN,2022-07-25 14:45:43,27.5167,88.5333,74.73,91,91,2.98,overcast clouds
647,Kaifeng,CN,2022-07-25 14:45:43,34.7911,114.3483,77.85,91,88,8.79,overcast clouds
648,La Asuncion,VE,2022-07-25 14:45:44,11.0333,-63.8628,82.13,74,65,13.8,broken clouds
649,Khargapur,IN,2022-07-25 14:45:44,24.823,79.144,79.3,84,100,8.16,moderate rain
650,Todos Santos,MX,2022-07-25 14:45:44,23.45,-110.2167,81.05,88,91,3.33,overcast clouds
651,Benghazi,LY,2022-07-25 14:45:34,32.1167,20.0667,84.96,65,0,17.72,clear sky
652,Mehamn,NO,2022-07-25 14:45:45,71.0357,27.8492,57.15,72,20,8.05,few clouds
653,Amahai,ID,2022-07-25 14:45:45,-3.3333,128.9167,77.13,89,69,4.56,broken clouds
654,Itoman,JP,2022-07-25 14:45:46,26.1247,127.6694,84.22,84,7,4.61,clear sky
655,Deputatskiy,RU,2022-07-25 14:45:46,69.3,139.9,57.33,67,94,2.84,overcast clouds
656,Jiaocheng,CN,2022-07-25 14:45:47,24.6774,116.1389,81.68,74,51,1.16,broken clouds
657,Salalah,OM,2022-07-25 14:45:47,17.0151,54.0924,77.09,100,100,8.05,mist
658,Moose Factory,CA,2022-07-25 14:45:47,51.2585,-80.6094,57.2,94,100,11.5,overcast clouds
659,Pokaran,IN,2022-07-25 14:45:48,26.9167,71.9167,89.15,58,92,10.71,overcast clouds
660,Laiyang,CN,2022-07-25 14:45:48,36.9758,120.7136,70.27,93,0,6.46,clear sky
661,Aland,IN,2022-07-25 14:45:48,17.5667,76.5667,78.28,76,100,7.58,overcast clouds
662,Batticaloa,LK,2022-07-25 14:45:49,7.7102,81.6924,80.13,81,89,5.3,overcast clouds
663,Tarata,BO,2022-07-25 14:45:49,-17.6167,-66.0167,67.08,42,11,2.39,few clouds
664,Praya,CV,2022-07-25 14:45:50,14.9215,-23.5087,82.94,78,40,8.05,scattered clouds
665,Hailar,CN,2022-07-25 14:45:50,49.2,119.7,63.34,92,95,11.14,overcast clouds
666,Aleksandrov Gay,RU,2022-07-25 14:45:50,50.147,48.5704,72.32,58,100,2.62,overcast clouds
667,Gumdag,TM,2022-07-25 14:45:51,39.2061,54.5906,86.25,46,100,14.18,overcast clouds
668,Imeni Babushkina,RU,2022-07-25 14:45:51,59.7573,43.1285,71.56,82,62,6.96,light rain
669,Saint-Augustin,CA,2022-07-25 14:45:52,51.226,-58.6502,59.0,95,100,10.4,overcast clouds
670,Kenai,US,2022-07-25 14:45:52,60.5544,-151.2583,56.03,96,100,6.91,light rain
671,Irbeyskoye,RU,2022-07-25 14:45:52,55.6428,95.4522,54.37,91,86,5.53,overcast clouds
672,Slave Lake,CA,2022-07-25 14:41:10,55.2834,-114.769,58.98,82,100,5.75,overcast clouds
673,Ferkessedougou,CI,2022-07-25 14:45:53,9.6,-5.2,83.59,55,100,4.0,overcast clouds
674,Cadillac,US,2022-07-25 14:44:31,44.2519,-85.4012,63.79,67,100,9.22,overcast clouds
675,Muravlenko,RU,2022-07-25 14:45:54,63.7898,74.523,56.5,64,100,11.81,overcast clouds
676,Svetlogorsk,BY,2022-07-25 14:45:54,52.6333,29.7333,69.82,65,69,10.63,broken clouds
677,Jiehu,CN,2022-07-25 14:45:54,35.5428,118.455,71.89,95,1,2.98,clear sky
678,Mogadishu,SO,2022-07-25 14:45:55,2.0371,45.3438,80.47,74,75,19.57,broken clouds
679,Orito,CO,2022-07-25 14:45:55,0.6766,-76.8771,80.55,72,84,3.33,broken clouds
680,Urmary,RU,2022-07-25 14:45:55,55.6789,47.944,78.91,66,73,2.04,broken clouds
681,Boshan,CN,2022-07-25 14:45:56,36.4833,117.8333,72.93,90,7,6.15,clear sky
682,Paita,PE,2022-07-25 14:45:56,-5.0892,-81.1144,65.32,85,100,12.24,overcast clouds
683,Chunoyar,RU,2022-07-25 14:45:57,57.4467,97.3217,58.26,85,99,6.31,overcast clouds
684,Hervey Bay,AU,2022-07-25 14:45:57,-25.2986,152.8535,57.02,91,0,8.99,clear sky
685,Thanyaburi,TH,2022-07-25 14:45:57,14.0211,100.7343,85.96,74,20,8.05,light rain
686,Inirida,CO,2022-07-25 14:45:58,3.8653,-67.9239,74.44,87,100,4.54,light rain
687,Huejuquilla El Alto,MX,2022-07-25 14:45:58,22.6,-103.8667,64.99,68,100,0.81,overcast clouds
688,Acajutla,SV,2022-07-25 14:45:59,13.5928,-89.8275,82.83,62,96,0.51,overcast clouds
689,Na Klang,TH,2022-07-25 14:45:59,17.3072,102.1889,85.75,98,24,3.94,moderate rain
690,Kyshtovka,RU,2022-07-25 14:46:00,56.555,76.6271,62.26,81,98,5.35,overcast clouds
691,Maniitsoq,GL,2022-07-25 14:47:00,65.4167,-52.9,41.83,91,59,8.7,broken clouds
692,Chara,RU,2022-07-25 14:47:00,56.9064,118.2631,66.54,69,2,3.91,clear sky
693,Vestmannaeyjar,IS,2022-07-25 14:47:01,63.4427,-20.2734,54.59,76,20,9.22,few clouds
694,Fomboni,KM,2022-07-25 14:47:01,-12.28,43.7425,77.07,71,0,13.65,clear sky
695,Panguna,PG,2022-07-25 14:47:02,-6.3164,155.4848,68.14,96,35,2.86,scattered clouds
696,Karratha,AU,2022-07-25 14:47:02,-20.7377,116.8463,68.38,58,0,5.01,clear sky
697,Blagoyevo,RU,2022-07-25 14:47:02,63.3667,47.9167,65.12,51,79,5.39,broken clouds
698,Wenling,CN,2022-07-25 14:47:03,28.3669,121.36,79.95,87,100,6.71,overcast clouds
699,Arroyo,ES,2022-07-25 14:47:04,41.6096,-4.7969,91.15,24,0,9.22,clear sky
700,Hobbs,US,2022-07-25 14:47:04,32.7026,-103.136,82.06,49,0,14.97,clear sky
701,Puerto Madryn,AR,2022-07-25 14:47:04,-42.7692,-65.0385,46.4,78,100,16.24,overcast clouds
702,Chicama,PE,2022-07-25 14:47:05,-7.8447,-79.1469,57.74,73,81,6.33,broken clouds
703,Oriximina,BR,2022-07-25 14:47:05,-1.7656,-55.8661,88.54,52,54,3.78,broken clouds
704,Sao Sebastiao,BR,2022-07-25 14:47:06,-23.76,-45.4097,75.9,61,57,2.64,broken clouds
705,Milazzo,IT,2022-07-25 14:47:06,38.2212,15.2383,91.99,60,0,5.99,clear sky
706,Rio Gallegos,AR,2022-07-25 14:47:07,-51.6226,-69.2181,23.05,63,0,11.5,clear sky
707,Adeje,ES,2022-07-25 14:47:07,28.1227,-16.726,91.87,55,0,16.11,clear sky
708,George,ZA,2022-07-25 14:47:08,-33.963,22.4617,60.35,63,0,11.5,clear sky
709,Floro,NO,2022-07-25 14:47:08,61.5996,5.0328,67.23,100,75,13.8,broken clouds
710,Inongo,CD,2022-07-25 14:47:09,-1.95,18.2667,75.88,72,93,2.39,overcast clouds
711,Raudeberg,NO,2022-07-25 14:47:09,61.9875,5.1352,60.96,96,100,19.86,overcast clouds
